"Registry name","ID"
"additional_lights:change",1140
"additional_lights:fire_extinguish",1144
"additional_lights:fire_ignition_l",1143
"additional_lights:fire_ignition_s",1142
"additional_lights:undo",1141
"alexsmobs:alligator_snapping_turtle_hurt",1323
"alexsmobs:alligator_snapping_turtle_idle",1322
"alexsmobs:bald_eagle_hurt",1358
"alexsmobs:bald_eagle_idle",1357
"alexsmobs:bone_serpent_hurt",1290
"alexsmobs:bone_serpent_idle",1289
"alexsmobs:cachalot_whale_click",1350
"alexsmobs:cachalot_whale_hurt",1349
"alexsmobs:cachalot_whale_idle",1348
"alexsmobs:capuchin_monkey_hurt",1288
"alexsmobs:capuchin_monkey_idle",1287
"alexsmobs:centipede_attack",1293
"alexsmobs:centipede_hurt",1292
"alexsmobs:centipede_walk",1291
"alexsmobs:cockroach_hurt",1307
"alexsmobs:crocodile_baby",1262
"alexsmobs:crocodile_bite",1261
"alexsmobs:crocodile_hurt",1260
"alexsmobs:crocodile_idle",1259
"alexsmobs:crow_hurt",1321
"alexsmobs:crow_idle",1320
"alexsmobs:dropbear_hurt",1342
"alexsmobs:dropbear_idle",1341
"alexsmobs:elephant_die",1311
"alexsmobs:elephant_hurt",1310
"alexsmobs:elephant_idle",1309
"alexsmobs:elephant_trumpet",1312
"alexsmobs:elephant_walk",1313
"alexsmobs:emu_hurt",1338
"alexsmobs:emu_idle",1337
"alexsmobs:endergrade_hurt",1280
"alexsmobs:endergrade_idle",1279
"alexsmobs:enderiophage_hurt",1353
"alexsmobs:enderiophage_squish",1354
"alexsmobs:enderiophage_walk",1355
"alexsmobs:fly_hurt",1264
"alexsmobs:fly_idle",1263
"alexsmobs:gazelle_hurt",1258
"alexsmobs:gorilla_hurt",1272
"alexsmobs:gorilla_idle",1271
"alexsmobs:grizzly_bear_die",1255
"alexsmobs:grizzly_bear_hurt",1254
"alexsmobs:grizzly_bear_idle",1253
"alexsmobs:guster_hurt",1332
"alexsmobs:guster_idle",1331
"alexsmobs:hummingbird_hurt",1266
"alexsmobs:hummingbird_idle",1265
"alexsmobs:hummingbird_loop",1267
"alexsmobs:kangaroo_hurt",1347
"alexsmobs:kangaroo_idle",1346
"alexsmobs:komodo_dragon_hurt",1284
"alexsmobs:komodo_dragon_idle",1283
"alexsmobs:la_cucaracha",1304
"alexsmobs:leafcutter_ant_hurt",1351
"alexsmobs:leafcutter_ant_queen_hurt",1352
"alexsmobs:lobster_attack",1282
"alexsmobs:lobster_hurt",1281
"alexsmobs:mantis_shrimp_hurt",1330
"alexsmobs:mantis_shrimp_snap",1329
"alexsmobs:maraca",1303
"alexsmobs:mimic_octopus_hurt",1370
"alexsmobs:mimic_octopus_idle",1369
"alexsmobs:mimicube_hurt",1300
"alexsmobs:mimicube_jump",1299
"alexsmobs:moose_hurt",1297
"alexsmobs:moose_idle",1296
"alexsmobs:moose_jostle",1298
"alexsmobs:mosquito_die",1275
"alexsmobs:mosquito_hurt",1274
"alexsmobs:mosquito_loop",1273
"alexsmobs:mungus_hurt",1325
"alexsmobs:mungus_idle",1324
"alexsmobs:mungus_laser_end",1326
"alexsmobs:mungus_laser_grow",1328
"alexsmobs:mungus_laser_loop",1327
"alexsmobs:music_disc_daze",1371
"alexsmobs:music_disc_thime",1356
"alexsmobs:music_wormboss",1364
"alexsmobs:orca_die",1270
"alexsmobs:orca_hurt",1269
"alexsmobs:orca_idle",1268
"alexsmobs:platypus_hurt",1340
"alexsmobs:platypus_idle",1339
"alexsmobs:raccoon_hurt",1302
"alexsmobs:raccoon_idle",1301
"alexsmobs:rattlesnake_attack",1278
"alexsmobs:rattlesnake_hurt",1277
"alexsmobs:rattlesnake_loop",1276
"alexsmobs:roadrunner_hurt",1257
"alexsmobs:roadrunner_idle",1256
"alexsmobs:seagull_hurt",1373
"alexsmobs:seagull_idle",1372
"alexsmobs:seal_hurt",1306
"alexsmobs:seal_idle",1305
"alexsmobs:shoebill_hurt",1308
"alexsmobs:snow_leopard_hurt",1317
"alexsmobs:snow_leopard_idle",1316
"alexsmobs:soul_vulture_hurt",1315
"alexsmobs:soul_vulture_idle",1314
"alexsmobs:spectre_hurt",1319
"alexsmobs:spectre_idle",1318
"alexsmobs:straddler_hurt",1336
"alexsmobs:straddler_idle",1335
"alexsmobs:sunbird_hurt",1286
"alexsmobs:sunbird_idle",1285
"alexsmobs:tarantula_hawk_hurt",1363
"alexsmobs:tarantula_hawk_wing",1362
"alexsmobs:tasmanian_devil_hurt",1344
"alexsmobs:tasmanian_devil_idle",1343
"alexsmobs:tasmanian_devil_roar",1345
"alexsmobs:tiger_angry",1361
"alexsmobs:tiger_hurt",1360
"alexsmobs:tiger_idle",1359
"alexsmobs:void_portal_close",1367
"alexsmobs:void_portal_open",1368
"alexsmobs:void_worm_hurt",1366
"alexsmobs:void_worm_idle",1365
"alexsmobs:warped_mosco_hurt",1334
"alexsmobs:warped_mosco_idle",1333
"alexsmobs:warped_toad_hurt",1295
"alexsmobs:warped_toad_idle",1294
"astralsorcery:altar_craft_finish",1185
"astralsorcery:altar_craft_loop_t1",1186
"astralsorcery:altar_craft_loop_t2",1187
"astralsorcery:altar_craft_loop_t3",1188
"astralsorcery:altar_craft_loop_t4",1189
"astralsorcery:altar_craft_loop_t4_waiting",1190
"astralsorcery:altar_craft_start",1184
"astralsorcery:attunement_altar_idle_loop",1191
"astralsorcery:attunement_altar_item_finish",1194
"astralsorcery:attunement_altar_item_loop",1195
"astralsorcery:attunement_altar_item_start",1193
"astralsorcery:attunement_altar_player_attune",1192
"astralsorcery:block_coloredlens_attach",1181
"astralsorcery:craft_attunement",1182
"astralsorcery:craft_finish",1183
"astralsorcery:gui_journal_close",1205
"astralsorcery:gui_journal_page",1206
"astralsorcery:illumination_wand_highlight",1202
"astralsorcery:illumination_wand_light",1204
"astralsorcery:illumination_wand_unhighlight",1203
"astralsorcery:infuser_craft_finish",1198
"astralsorcery:infuser_craft_loop",1197
"astralsorcery:infuser_craft_start",1196
"astralsorcery:perk_seal",1199
"astralsorcery:perk_unlock",1201
"astralsorcery:perk_unseal",1200
"autumnity:block.turkey.cut",1512
"autumnity:entity.snail.death",1505
"autumnity:entity.snail.eat",1503
"autumnity:entity.snail.hurt",1504
"autumnity:entity.snail.step",1506
"autumnity:entity.turkey.aggro",1508
"autumnity:entity.turkey.ambient",1507
"autumnity:entity.turkey.death",1510
"autumnity:entity.turkey.egg",1511
"autumnity:entity.turkey.hurt",1509
"autumnity:item.armor.equip_snail",1513
"betteranimalsplus:entity_goose_ambient",1563
"betteranimalsplus:entity_goose_death",1561
"betteranimalsplus:entity_goose_hurt",1562
"betteranimalsplus:record_crabrave",1560
"betteranimalsplus:record_walrus",1564
"betterendforge:betterendforge.ambient.blossoming_spires",1064
"betterendforge:betterendforge.ambient.chorus_forest",1060
"betterendforge:betterendforge.ambient.dust_wastelands",1062
"betterendforge:betterendforge.ambient.foggy_mushroomland",1059
"betterendforge:betterendforge.ambient.glowing_grasslands",1067
"betterendforge:betterendforge.ambient.megalake",1061
"betterendforge:betterendforge.ambient.megalake_grove",1063
"betterendforge:betterendforge.ambient.sulphur_springs",1065
"betterendforge:betterendforge.ambient.umbrella_jungle",1066
"betterendforge:betterendforge.entity.dragonfly",1068
"betterendforge:betterendforge.entity.shadow_walker",1069
"betterendforge:betterendforge.entity.shadow_walker_damage",1070
"betterendforge:betterendforge.entity.shadow_walker_death",1071
"betterendforge:betterendforge.music.dark",1057
"betterendforge:betterendforge.music.forest",1055
"betterendforge:betterendforge.music.openspace",1058
"betterendforge:betterendforge.music.water",1056
"betterendforge:betterendforge.record.endseeker",1074
"betterendforge:betterendforge.record.eo_dracona",1075
"betterendforge:betterendforge.record.grasping_at_stars",1073
"betterendforge:betterendforge.record.strange_and_alien",1072
"biomesoplenty:music_disc.wanderer",1094
"buildinggadgets:beep",1374
"byg:ambient_end_forest",1179
"byg:ambient_end_ominous",1180
"byg:ambient_viscal_isles_additions",1177
"byg:ambient_viscal_isles_loop",1176
"byg:ambient_wailing_garth_additions",1178
"create:blaze_munch",1527
"create:cogs",1539
"create:confirm",1559
"create:contraption_assemble",1554
"create:contraption_assemble_compounded_1",1555
"create:contraption_disassemble",1514
"create:controller_click",1548
"create:controller_put",1534
"create:controller_take",1551
"create:copper_armor_equip",1550
"create:crafter_click",1556
"create:crafter_click_compounded_1",1557
"create:crafter_craft",1533
"create:cranking",1535
"create:cranking_compounded_1",1536
"create:crushing_1",1524
"create:crushing_2",1523
"create:crushing_3",1522
"create:deny",1547
"create:deployer_polish",1546
"create:depot_plop",1558
"create:depot_slide",1525
"create:funnel_flap",1528
"create:funnel_flap_compounded_1",1529
"create:fwoomp",1520
"create:haunted_bell_convert",1545
"create:haunted_bell_use",1531
"create:mechanical_press_activation",1552
"create:mechanical_press_activation_belt",1518
"create:mechanical_press_activation_belt_compounded_1",1519
"create:mechanical_press_activation_compounded_1",1553
"create:mixing",1516
"create:mixing_compounded_1",1517
"create:peculiar_bell_use",1515
"create:potato_hit",1542
"create:potato_hit_compounded_1",1543
"create:saw_activate_stone",1526
"create:saw_activate_wood",1544
"create:schematicannon_finish",1530
"create:schematicannon_launch_block",1549
"create:scroll_value",1532
"create:slime_added",1540
"create:worldshaper_place",1521
"create:wrench_remove",1537
"create:wrench_remove_compounded_1",1538
"create:wrench_rotate",1541
"eidolon:cast_bonechill",1240
"eidolon:cast_soulfire",1239
"eidolon:chant_word",1244
"eidolon:parousia",1245
"eidolon:select_sign",1243
"eidolon:splash_bonechill",1242
"eidolon:splash_soulfire",1241
"elevatorid:teleport",1403
"endergetic:ambient.poise_forest.additions",1461
"endergetic:ambient.poise_forest.loop",1460
"endergetic:ambient.poise_forest.mood",1462
"endergetic:block.cluster.break",1464
"endergetic:block.cluster.hit",1466
"endergetic:block.cluster.place",1463
"endergetic:block.cluster.step",1465
"endergetic:block.poise_bush.ambient",1467
"endergetic:block.poise_bush.ambient_long",1468
"endergetic:block.poise_cluster.ambient",1469
"endergetic:entity.boof_block.inflate",1489
"endergetic:entity.booflo.croak",1471
"endergetic:entity.booflo.death",1479
"endergetic:entity.booflo.deflate",1477
"endergetic:entity.booflo.growl",1472
"endergetic:entity.booflo.hop",1473
"endergetic:entity.booflo.hop_land",1474
"endergetic:entity.booflo.hurt",1478
"endergetic:entity.booflo.inflate",1476
"endergetic:entity.booflo.slam",1475
"endergetic:entity.puffbug.create_item",1484
"endergetic:entity.puffbug.death",1488
"endergetic:entity.puffbug.hurt",1487
"endergetic:entity.puffbug.land",1486
"endergetic:entity.puffbug.launch",1485
"endergetic:entity.puffbug.puff",1480
"endergetic:entity.puffbug.sleep",1483
"endergetic:entity.puffbug.teleport_from",1482
"endergetic:entity.puffbug.teleport_to",1481
"endergetic:item.booflo_vest.inflate",1470
"endergetic:music.record.kilobyte",1459
"environmental:entity.deer.ambient",1413
"environmental:entity.deer.death",1416
"environmental:entity.deer.hurt",1415
"environmental:entity.deer.step",1414
"environmental:entity.duck.ambient",1417
"environmental:entity.duck.death",1420
"environmental:entity.duck.egg",1421
"environmental:entity.duck.hurt",1419
"environmental:entity.duck.step",1418
"environmental:entity.koi.flop",1412
"environmental:entity.pig.sniff",1426
"environmental:entity.slabfish.backpack",1410
"environmental:entity.slabfish.burp",1404
"environmental:entity.slabfish.death",1405
"environmental:entity.slabfish.eat",1408
"environmental:entity.slabfish.hurt",1407
"environmental:entity.slabfish.step",1406
"environmental:entity.slabfish.sweater",1411
"environmental:entity.slabfish.transform",1409
"environmental:entity.yak.ambient",1422
"environmental:entity.yak.death",1425
"environmental:entity.yak.hurt",1424
"environmental:entity.yak.milk",1423
"environmental:item.cattail_seeds.pick_from_plant",1427
"environmental:music_disc.leaving_home",1429
"environmental:music_disc.slabrave",1428
"etched:ui.etching_table.take_result",1048
"farmersdelight:block.cooking_pot.boil",1394
"farmersdelight:block.cooking_pot.boil_soup",1395
"farmersdelight:block.cutting_board.knife",1396
"farmersdelight:block.skillet.add_food",1398
"farmersdelight:block.skillet.sizzle",1397
"farmersdelight:block.stove.crackle",1401
"farmersdelight:item.skillet.attack.strong",1399
"farmersdelight:item.skillet.attack.weak",1400
"farmersdelight:item.tomato.pick_from_bush",1402
"firstaid:debuff.heartbeat",1565
"immersiveengineering:birthday_party",1151
"immersiveengineering:charge_fast",1148
"immersiveengineering:charge_slow",1156
"immersiveengineering:chute",1160
"immersiveengineering:crusher",1161
"immersiveengineering:diesel_generator",1157
"immersiveengineering:dire_switch",1154
"immersiveengineering:metal_press_piston",1147
"immersiveengineering:metal_press_smash",1149
"immersiveengineering:railgun_fire",1155
"immersiveengineering:revolver_fire",1158
"immersiveengineering:revolver_fire_thump",1163
"immersiveengineering:revolver_reload",1159
"immersiveengineering:spark",1152
"immersiveengineering:spray",1153
"immersiveengineering:spray_fire",1150
"immersiveengineering:tesla",1162
"immersivepetroleum:flarestack_fire",1146
"immersivepetroleum:projector",1145
"infernalexp:ambient.glowstone_canyon.additions",1036
"infernalexp:ambient.glowstone_canyon.loop",1034
"infernalexp:ambient.glowstone_canyon.mood",1035
"infernalexp:block.dullstone.break",1041
"infernalexp:block.dullstone.fall",1045
"infernalexp:block.dullstone.hit",1044
"infernalexp:block.dullstone.place",1043
"infernalexp:block.dullstone.step",1042
"infernalexp:block.glowstone.recharge",1040
"infernalexp:block.quartz_glass.hit",1047
"infernalexp:block.soul_stone.break",1046
"infernalexp:entity.basalt_giant.ambient",1007
"infernalexp:entity.basalt_giant.death",1009
"infernalexp:entity.basalt_giant.hurt",1008
"infernalexp:entity.blindsight.ambient",1016
"infernalexp:entity.blindsight.death",1018
"infernalexp:entity.blindsight.hurt",1017
"infernalexp:entity.cerobeetle.ambient",1000
"infernalexp:entity.cerobeetle.death",1002
"infernalexp:entity.cerobeetle.hurt",1001
"infernalexp:entity.cerobeetle.roar",1003
"infernalexp:entity.dwarf.ambient",1019
"infernalexp:entity.dwarf.death",1021
"infernalexp:entity.dwarf.hurt",1020
"infernalexp:entity.embody.ambient",1004
"infernalexp:entity.embody.death",1006
"infernalexp:entity.embody.hurt",1005
"infernalexp:entity.glaw.ambient",1025
"infernalexp:entity.glaw.death",1027
"infernalexp:entity.glaw.hurt",1026
"infernalexp:entity.glowsilk_moth.ambient",1022
"infernalexp:entity.glowsilk_moth.death",1024
"infernalexp:entity.glowsilk_moth.hurt",1023
"infernalexp:entity.glowsquito.death",1015
"infernalexp:entity.glowsquito.hurt",1014
"infernalexp:entity.glowsquito.loop",1013
"infernalexp:entity.pyrno.ambient",1031
"infernalexp:entity.pyrno.death",1033
"infernalexp:entity.pyrno.hurt",1032
"infernalexp:entity.shroomloin.ambient",994
"infernalexp:entity.shroomloin.death",996
"infernalexp:entity.shroomloin.hurt",995
"infernalexp:entity.skeletal_piglin.ambient",1010
"infernalexp:entity.skeletal_piglin.death",1012
"infernalexp:entity.skeletal_piglin.hurt",1011
"infernalexp:entity.smolt.ambient",1028
"infernalexp:entity.smolt.death",1030
"infernalexp:entity.smolt.hurt",1029
"infernalexp:entity.voline.ambient",992
"infernalexp:entity.voline.hurt",993
"infernalexp:entity.warpbeetle.ambient",997
"infernalexp:entity.warpbeetle.death",999
"infernalexp:entity.warpbeetle.hurt",998
"infernalexp:music.nether.glowstone_canyon",1037
"infernalexp:record.flush",1039
"infernalexp:record.soul_spunk",1038
"integrateddynamics:effect.page.flipmultiple",1166
"integrateddynamics:effect.page.flipsingle",1165
"jellyfishing:background_music",1097
"jellyfishing:jellyfish_fields",1096
"jellyfishing:sting",1095
"losttrinkets:unlock",1393
"mekanism:gui.digital_beep",1134
"mekanism:item.flamethrower.active",1125
"mekanism:item.flamethrower.idle",1124
"mekanism:item.geiger_elevated",1132
"mekanism:item.geiger_fast",1133
"mekanism:item.geiger_medium",1131
"mekanism:item.geiger_slow",1130
"mekanism:item.gravitational_modulation_unit",1129
"mekanism:item.hydraulic",1128
"mekanism:item.jetpack",1127
"mekanism:item.scuba_mask",1126
"mekanism:tile.christmas.1",1135
"mekanism:tile.christmas.2",1136
"mekanism:tile.christmas.3",1137
"mekanism:tile.christmas.4",1138
"mekanism:tile.christmas.5",1139
"mekanism:tile.machine.antiprotonic_nucleosynthesizer",1122
"mekanism:tile.machine.chargepad",1098
"mekanism:tile.machine.chemical_crystallizer",1099
"mekanism:tile.machine.chemical_dissolution_chamber",1100
"mekanism:tile.machine.chemical_infuser",1101
"mekanism:tile.machine.chemical_injection_chamber",1102
"mekanism:tile.machine.chemical_oxidizer",1103
"mekanism:tile.machine.chemical_washer",1104
"mekanism:tile.machine.combiner",1105
"mekanism:tile.machine.compressor",1106
"mekanism:tile.machine.crusher",1107
"mekanism:tile.machine.electrolytic_separator",1108
"mekanism:tile.machine.energized_smelter",1118
"mekanism:tile.machine.enrichment_chamber",1109
"mekanism:tile.machine.industrial_alarm",1121
"mekanism:tile.machine.isotopic_centrifuge",1119
"mekanism:tile.machine.laser",1110
"mekanism:tile.machine.logistical_sorter",1111
"mekanism:tile.machine.metallurgic_infuser",1112
"mekanism:tile.machine.nutritional_liquifier",1120
"mekanism:tile.machine.precision_sawmill",1113
"mekanism:tile.machine.pressurized_reaction_chamber",1114
"mekanism:tile.machine.purification_chamber",1115
"mekanism:tile.machine.resistive_heater",1116
"mekanism:tile.machine.rotary_condensentrator",1117
"mekanism:tile.machine.sps",1123
"minecraft:ambient.basalt_deltas.additions",1
"minecraft:ambient.basalt_deltas.loop",2
"minecraft:ambient.basalt_deltas.mood",3
"minecraft:ambient.cave",0
"minecraft:ambient.crimson_forest.additions",4
"minecraft:ambient.crimson_forest.loop",5
"minecraft:ambient.crimson_forest.mood",6
"minecraft:ambient.nether_wastes.additions",7
"minecraft:ambient.nether_wastes.loop",8
"minecraft:ambient.nether_wastes.mood",9
"minecraft:ambient.soul_sand_valley.additions",10
"minecraft:ambient.soul_sand_valley.loop",11
"minecraft:ambient.soul_sand_valley.mood",12
"minecraft:ambient.underwater.enter",16
"minecraft:ambient.underwater.exit",17
"minecraft:ambient.underwater.loop",18
"minecraft:ambient.underwater.loop.additions",19
"minecraft:ambient.underwater.loop.additions.rare",20
"minecraft:ambient.underwater.loop.additions.ultra_rare",21
"minecraft:ambient.warped_forest.additions",13
"minecraft:ambient.warped_forest.loop",14
"minecraft:ambient.warped_forest.mood",15
"minecraft:block.ancient_debris.break",22
"minecraft:block.ancient_debris.fall",26
"minecraft:block.ancient_debris.hit",25
"minecraft:block.ancient_debris.place",24
"minecraft:block.ancient_debris.step",23
"minecraft:block.anvil.break",27
"minecraft:block.anvil.destroy",28
"minecraft:block.anvil.fall",29
"minecraft:block.anvil.hit",30
"minecraft:block.anvil.land",31
"minecraft:block.anvil.place",32
"minecraft:block.anvil.step",33
"minecraft:block.anvil.use",34
"minecraft:block.bamboo.break",52
"minecraft:block.bamboo.fall",53
"minecraft:block.bamboo.hit",54
"minecraft:block.bamboo.place",55
"minecraft:block.bamboo.step",56
"minecraft:block.bamboo_sapling.break",57
"minecraft:block.bamboo_sapling.hit",58
"minecraft:block.bamboo_sapling.place",59
"minecraft:block.barrel.close",60
"minecraft:block.barrel.open",61
"minecraft:block.basalt.break",62
"minecraft:block.basalt.fall",66
"minecraft:block.basalt.hit",65
"minecraft:block.basalt.place",64
"minecraft:block.basalt.step",63
"minecraft:block.beacon.activate",72
"minecraft:block.beacon.ambient",73
"minecraft:block.beacon.deactivate",74
"minecraft:block.beacon.power_select",75
"minecraft:block.beehive.drip",82
"minecraft:block.beehive.enter",83
"minecraft:block.beehive.exit",84
"minecraft:block.beehive.shear",85
"minecraft:block.beehive.work",86
"minecraft:block.bell.resonate",88
"minecraft:block.bell.use",87
"minecraft:block.blastfurnace.fire_crackle",103
"minecraft:block.bone_block.break",96
"minecraft:block.bone_block.fall",97
"minecraft:block.bone_block.hit",98
"minecraft:block.bone_block.place",99
"minecraft:block.bone_block.step",100
"minecraft:block.brewing_stand.brew",107
"minecraft:block.bubble_column.bubble_pop",108
"minecraft:block.bubble_column.upwards_ambient",109
"minecraft:block.bubble_column.upwards_inside",110
"minecraft:block.bubble_column.whirlpool_ambient",111
"minecraft:block.bubble_column.whirlpool_inside",112
"minecraft:block.campfire.crackle",119
"minecraft:block.chain.break",129
"minecraft:block.chain.fall",130
"minecraft:block.chain.hit",131
"minecraft:block.chain.place",132
"minecraft:block.chain.step",133
"minecraft:block.chest.close",134
"minecraft:block.chest.locked",135
"minecraft:block.chest.open",136
"minecraft:block.chorus_flower.death",142
"minecraft:block.chorus_flower.grow",143
"minecraft:block.comparator.click",149
"minecraft:block.composter.empty",150
"minecraft:block.composter.fill",151
"minecraft:block.composter.fill_success",152
"minecraft:block.composter.ready",153
"minecraft:block.conduit.activate",154
"minecraft:block.conduit.ambient",155
"minecraft:block.conduit.ambient.short",156
"minecraft:block.conduit.attack.target",157
"minecraft:block.conduit.deactivate",158
"minecraft:block.coral_block.break",159
"minecraft:block.coral_block.fall",160
"minecraft:block.coral_block.hit",161
"minecraft:block.coral_block.place",162
"minecraft:block.coral_block.step",163
"minecraft:block.crop.break",172
"minecraft:block.dispenser.dispense",182
"minecraft:block.dispenser.fail",183
"minecraft:block.dispenser.launch",184
"minecraft:block.enchantment_table.use",220
"minecraft:block.end_gateway.spawn",243
"minecraft:block.end_portal.spawn",245
"minecraft:block.end_portal_frame.fill",244
"minecraft:block.ender_chest.close",221
"minecraft:block.ender_chest.open",222
"minecraft:block.fence_gate.close",257
"minecraft:block.fence_gate.open",258
"minecraft:block.fire.ambient",268
"minecraft:block.fire.extinguish",269
"minecraft:block.fungus.break",510
"minecraft:block.fungus.fall",514
"minecraft:block.fungus.hit",513
"minecraft:block.fungus.place",512
"minecraft:block.fungus.step",511
"minecraft:block.furnace.fire_crackle",291
"minecraft:block.gilded_blackstone.break",309
"minecraft:block.gilded_blackstone.fall",310
"minecraft:block.gilded_blackstone.hit",311
"minecraft:block.gilded_blackstone.place",312
"minecraft:block.gilded_blackstone.step",313
"minecraft:block.glass.break",314
"minecraft:block.glass.fall",315
"minecraft:block.glass.hit",316
"minecraft:block.glass.place",317
"minecraft:block.glass.step",318
"minecraft:block.grass.break",319
"minecraft:block.grass.fall",320
"minecraft:block.grass.hit",321
"minecraft:block.grass.place",322
"minecraft:block.grass.step",323
"minecraft:block.gravel.break",324
"minecraft:block.gravel.fall",325
"minecraft:block.gravel.hit",326
"minecraft:block.gravel.place",327
"minecraft:block.gravel.step",328
"minecraft:block.grindstone.use",329
"minecraft:block.honey_block.break",347
"minecraft:block.honey_block.fall",348
"minecraft:block.honey_block.hit",349
"minecraft:block.honey_block.place",350
"minecraft:block.honey_block.slide",351
"minecraft:block.honey_block.step",352
"minecraft:block.iron_door.close",385
"minecraft:block.iron_door.open",386
"minecraft:block.iron_trapdoor.close",393
"minecraft:block.iron_trapdoor.open",394
"minecraft:block.ladder.break",402
"minecraft:block.ladder.fall",403
"minecraft:block.ladder.hit",404
"minecraft:block.ladder.place",405
"minecraft:block.ladder.step",406
"minecraft:block.lantern.break",407
"minecraft:block.lantern.fall",408
"minecraft:block.lantern.hit",409
"minecraft:block.lantern.place",410
"minecraft:block.lantern.step",411
"minecraft:block.lava.ambient",412
"minecraft:block.lava.extinguish",413
"minecraft:block.lava.pop",414
"minecraft:block.lever.click",417
"minecraft:block.lily_pad.place",901
"minecraft:block.lodestone.break",431
"minecraft:block.lodestone.fall",435
"minecraft:block.lodestone.hit",434
"minecraft:block.lodestone.place",433
"minecraft:block.lodestone.step",432
"minecraft:block.metal.break",443
"minecraft:block.metal.fall",444
"minecraft:block.metal.hit",445
"minecraft:block.metal.place",446
"minecraft:block.metal.step",449
"minecraft:block.metal_pressure_plate.click_off",447
"minecraft:block.metal_pressure_plate.click_on",448
"minecraft:block.nether_bricks.break",488
"minecraft:block.nether_bricks.fall",492
"minecraft:block.nether_bricks.hit",491
"minecraft:block.nether_bricks.place",490
"minecraft:block.nether_bricks.step",489
"minecraft:block.nether_gold_ore.break",688
"minecraft:block.nether_gold_ore.fall",689
"minecraft:block.nether_gold_ore.hit",690
"minecraft:block.nether_gold_ore.place",691
"minecraft:block.nether_gold_ore.step",692
"minecraft:block.nether_ore.break",693
"minecraft:block.nether_ore.fall",694
"minecraft:block.nether_ore.hit",695
"minecraft:block.nether_ore.place",696
"minecraft:block.nether_ore.step",697
"minecraft:block.nether_sprouts.break",505
"minecraft:block.nether_sprouts.fall",509
"minecraft:block.nether_sprouts.hit",508
"minecraft:block.nether_sprouts.place",507
"minecraft:block.nether_sprouts.step",506
"minecraft:block.nether_wart.break",493
"minecraft:block.netherite_block.break",525
"minecraft:block.netherite_block.fall",529
"minecraft:block.netherite_block.hit",528
"minecraft:block.netherite_block.place",527
"minecraft:block.netherite_block.step",526
"minecraft:block.netherrack.break",530
"minecraft:block.netherrack.fall",534
"minecraft:block.netherrack.hit",533
"minecraft:block.netherrack.place",532
"minecraft:block.netherrack.step",531
"minecraft:block.note_block.banjo",550
"minecraft:block.note_block.basedrum",535
"minecraft:block.note_block.bass",536
"minecraft:block.note_block.bell",537
"minecraft:block.note_block.bit",549
"minecraft:block.note_block.chime",538
"minecraft:block.note_block.cow_bell",547
"minecraft:block.note_block.didgeridoo",548
"minecraft:block.note_block.flute",539
"minecraft:block.note_block.guitar",540
"minecraft:block.note_block.harp",541
"minecraft:block.note_block.hat",542
"minecraft:block.note_block.iron_xylophone",546
"minecraft:block.note_block.pling",543
"minecraft:block.note_block.snare",544
"minecraft:block.note_block.xylophone",545
"minecraft:block.nylium.break",500
"minecraft:block.nylium.fall",504
"minecraft:block.nylium.hit",503
"minecraft:block.nylium.place",502
"minecraft:block.nylium.step",501
"minecraft:block.piston.contract",636
"minecraft:block.piston.extend",637
"minecraft:block.portal.ambient",663
"minecraft:block.portal.travel",664
"minecraft:block.portal.trigger",665
"minecraft:block.pumpkin.carve",673
"minecraft:block.redstone_torch.burnout",698
"minecraft:block.respawn_anchor.ambient",699
"minecraft:block.respawn_anchor.charge",700
"minecraft:block.respawn_anchor.deplete",701
"minecraft:block.respawn_anchor.set_spawn",702
"minecraft:block.roots.break",286
"minecraft:block.roots.fall",290
"minecraft:block.roots.hit",289
"minecraft:block.roots.place",288
"minecraft:block.roots.step",287
"minecraft:block.sand.break",707
"minecraft:block.sand.fall",708
"minecraft:block.sand.hit",709
"minecraft:block.sand.place",710
"minecraft:block.sand.step",711
"minecraft:block.scaffolding.break",712
"minecraft:block.scaffolding.fall",713
"minecraft:block.scaffolding.hit",714
"minecraft:block.scaffolding.place",715
"minecraft:block.scaffolding.step",716
"minecraft:block.shroomlight.break",724
"minecraft:block.shroomlight.fall",728
"minecraft:block.shroomlight.hit",727
"minecraft:block.shroomlight.place",726
"minecraft:block.shroomlight.step",725
"minecraft:block.shulker_box.close",731
"minecraft:block.shulker_box.open",732
"minecraft:block.slime_block.break",764
"minecraft:block.slime_block.fall",765
"minecraft:block.slime_block.hit",766
"minecraft:block.slime_block.place",767
"minecraft:block.slime_block.step",768
"minecraft:block.smithing_table.use",793
"minecraft:block.smoker.smoke",794
"minecraft:block.snow.break",796
"minecraft:block.snow.fall",797
"minecraft:block.snow.hit",803
"minecraft:block.snow.place",804
"minecraft:block.snow.step",805
"minecraft:block.soul_sand.break",769
"minecraft:block.soul_sand.fall",773
"minecraft:block.soul_sand.hit",772
"minecraft:block.soul_sand.place",771
"minecraft:block.soul_sand.step",770
"minecraft:block.soul_soil.break",774
"minecraft:block.soul_soil.fall",778
"minecraft:block.soul_soil.hit",777
"minecraft:block.soul_soil.place",776
"minecraft:block.soul_soil.step",775
"minecraft:block.stem.break",495
"minecraft:block.stem.fall",499
"minecraft:block.stem.hit",498
"minecraft:block.stem.place",497
"minecraft:block.stem.step",496
"minecraft:block.stone.break",816
"minecraft:block.stone.fall",819
"minecraft:block.stone.hit",820
"minecraft:block.stone.place",821
"minecraft:block.stone.step",824
"minecraft:block.stone_button.click_off",817
"minecraft:block.stone_button.click_on",818
"minecraft:block.stone_pressure_plate.click_off",822
"minecraft:block.stone_pressure_plate.click_on",823
"minecraft:block.sweet_berry_bush.break",829
"minecraft:block.sweet_berry_bush.place",830
"minecraft:block.tripwire.attach",843
"minecraft:block.tripwire.click_off",844
"minecraft:block.tripwire.click_on",845
"minecraft:block.tripwire.detach",846
"minecraft:block.vine.step",900
"minecraft:block.wart_block.break",520
"minecraft:block.wart_block.fall",524
"minecraft:block.wart_block.hit",523
"minecraft:block.wart_block.place",522
"minecraft:block.wart_block.step",521
"minecraft:block.water.ambient",912
"minecraft:block.weeping_vines.break",515
"minecraft:block.weeping_vines.fall",519
"minecraft:block.weeping_vines.hit",518
"minecraft:block.weeping_vines.place",517
"minecraft:block.weeping_vines.step",516
"minecraft:block.wet_grass.break",915
"minecraft:block.wet_grass.fall",916
"minecraft:block.wet_grass.hit",917
"minecraft:block.wet_grass.place",918
"minecraft:block.wet_grass.step",919
"minecraft:block.wood.break",949
"minecraft:block.wood.fall",952
"minecraft:block.wood.hit",953
"minecraft:block.wood.place",954
"minecraft:block.wood.step",957
"minecraft:block.wooden_button.click_off",950
"minecraft:block.wooden_button.click_on",951
"minecraft:block.wooden_door.close",945
"minecraft:block.wooden_door.open",946
"minecraft:block.wooden_pressure_plate.click_off",955
"minecraft:block.wooden_pressure_plate.click_on",956
"minecraft:block.wooden_trapdoor.close",947
"minecraft:block.wooden_trapdoor.open",948
"minecraft:block.wool.break",958
"minecraft:block.wool.fall",959
"minecraft:block.wool.hit",960
"minecraft:block.wool.place",961
"minecraft:block.wool.step",962
"minecraft:enchant.thorns.hit",832
"minecraft:entity.armor_stand.break",44
"minecraft:entity.armor_stand.fall",45
"minecraft:entity.armor_stand.hit",46
"minecraft:entity.armor_stand.place",47
"minecraft:entity.arrow.hit",48
"minecraft:entity.arrow.hit_player",49
"minecraft:entity.arrow.shoot",50
"minecraft:entity.bat.ambient",67
"minecraft:entity.bat.death",68
"minecraft:entity.bat.hurt",69
"minecraft:entity.bat.loop",70
"minecraft:entity.bat.takeoff",71
"minecraft:entity.bee.death",76
"minecraft:entity.bee.hurt",77
"minecraft:entity.bee.loop",79
"minecraft:entity.bee.loop_aggressive",78
"minecraft:entity.bee.pollinate",81
"minecraft:entity.bee.sting",80
"minecraft:entity.blaze.ambient",89
"minecraft:entity.blaze.burn",90
"minecraft:entity.blaze.death",91
"minecraft:entity.blaze.hurt",92
"minecraft:entity.blaze.shoot",93
"minecraft:entity.boat.paddle_land",94
"minecraft:entity.boat.paddle_water",95
"minecraft:entity.cat.ambient",120
"minecraft:entity.cat.beg_for_food",125
"minecraft:entity.cat.death",122
"minecraft:entity.cat.eat",123
"minecraft:entity.cat.hiss",124
"minecraft:entity.cat.hurt",126
"minecraft:entity.cat.purr",127
"minecraft:entity.cat.purreow",128
"minecraft:entity.cat.stray_ambient",121
"minecraft:entity.chicken.ambient",137
"minecraft:entity.chicken.death",138
"minecraft:entity.chicken.egg",139
"minecraft:entity.chicken.hurt",140
"minecraft:entity.chicken.step",141
"minecraft:entity.cod.ambient",145
"minecraft:entity.cod.death",146
"minecraft:entity.cod.flop",147
"minecraft:entity.cod.hurt",148
"minecraft:entity.cow.ambient",164
"minecraft:entity.cow.death",165
"minecraft:entity.cow.hurt",166
"minecraft:entity.cow.milk",167
"minecraft:entity.cow.step",168
"minecraft:entity.creeper.death",169
"minecraft:entity.creeper.hurt",170
"minecraft:entity.creeper.primed",171
"minecraft:entity.dolphin.ambient",185
"minecraft:entity.dolphin.ambient_water",186
"minecraft:entity.dolphin.attack",187
"minecraft:entity.dolphin.death",188
"minecraft:entity.dolphin.eat",189
"minecraft:entity.dolphin.hurt",190
"minecraft:entity.dolphin.jump",191
"minecraft:entity.dolphin.play",192
"minecraft:entity.dolphin.splash",193
"minecraft:entity.dolphin.swim",194
"minecraft:entity.donkey.ambient",195
"minecraft:entity.donkey.angry",196
"minecraft:entity.donkey.chest",197
"minecraft:entity.donkey.death",198
"minecraft:entity.donkey.eat",199
"minecraft:entity.donkey.hurt",200
"minecraft:entity.dragon_fireball.explode",225
"minecraft:entity.drowned.ambient",201
"minecraft:entity.drowned.ambient_water",202
"minecraft:entity.drowned.death",203
"minecraft:entity.drowned.death_water",204
"minecraft:entity.drowned.hurt",205
"minecraft:entity.drowned.hurt_water",206
"minecraft:entity.drowned.shoot",207
"minecraft:entity.drowned.step",208
"minecraft:entity.drowned.swim",209
"minecraft:entity.egg.throw",210
"minecraft:entity.elder_guardian.ambient",211
"minecraft:entity.elder_guardian.ambient_land",212
"minecraft:entity.elder_guardian.curse",213
"minecraft:entity.elder_guardian.death",214
"minecraft:entity.elder_guardian.death_land",215
"minecraft:entity.elder_guardian.flop",216
"minecraft:entity.elder_guardian.hurt",217
"minecraft:entity.elder_guardian.hurt_land",218
"minecraft:entity.ender_dragon.ambient",223
"minecraft:entity.ender_dragon.death",224
"minecraft:entity.ender_dragon.flap",226
"minecraft:entity.ender_dragon.growl",227
"minecraft:entity.ender_dragon.hurt",228
"minecraft:entity.ender_dragon.shoot",229
"minecraft:entity.ender_eye.death",230
"minecraft:entity.ender_eye.launch",231
"minecraft:entity.ender_pearl.throw",242
"minecraft:entity.enderman.ambient",232
"minecraft:entity.enderman.death",233
"minecraft:entity.enderman.hurt",234
"minecraft:entity.enderman.scream",235
"minecraft:entity.enderman.stare",236
"minecraft:entity.enderman.teleport",237
"minecraft:entity.endermite.ambient",238
"minecraft:entity.endermite.death",239
"minecraft:entity.endermite.hurt",240
"minecraft:entity.endermite.step",241
"minecraft:entity.evoker.ambient",246
"minecraft:entity.evoker.cast_spell",247
"minecraft:entity.evoker.celebrate",248
"minecraft:entity.evoker.death",249
"minecraft:entity.evoker.hurt",251
"minecraft:entity.evoker.prepare_attack",252
"minecraft:entity.evoker.prepare_summon",253
"minecraft:entity.evoker.prepare_wololo",254
"minecraft:entity.evoker_fangs.attack",250
"minecraft:entity.experience_bottle.throw",255
"minecraft:entity.experience_orb.pickup",256
"minecraft:entity.firework_rocket.blast",260
"minecraft:entity.firework_rocket.blast_far",261
"minecraft:entity.firework_rocket.large_blast",262
"minecraft:entity.firework_rocket.large_blast_far",263
"minecraft:entity.firework_rocket.launch",264
"minecraft:entity.firework_rocket.shoot",265
"minecraft:entity.firework_rocket.twinkle",266
"minecraft:entity.firework_rocket.twinkle_far",267
"minecraft:entity.fish.swim",270
"minecraft:entity.fishing_bobber.retrieve",271
"minecraft:entity.fishing_bobber.splash",272
"minecraft:entity.fishing_bobber.throw",273
"minecraft:entity.fox.aggro",275
"minecraft:entity.fox.ambient",276
"minecraft:entity.fox.bite",277
"minecraft:entity.fox.death",278
"minecraft:entity.fox.eat",279
"minecraft:entity.fox.hurt",280
"minecraft:entity.fox.screech",281
"minecraft:entity.fox.sleep",282
"minecraft:entity.fox.sniff",283
"minecraft:entity.fox.spit",284
"minecraft:entity.fox.teleport",285
"minecraft:entity.generic.big_fall",292
"minecraft:entity.generic.burn",293
"minecraft:entity.generic.death",294
"minecraft:entity.generic.drink",295
"minecraft:entity.generic.eat",296
"minecraft:entity.generic.explode",297
"minecraft:entity.generic.extinguish_fire",298
"minecraft:entity.generic.hurt",299
"minecraft:entity.generic.small_fall",300
"minecraft:entity.generic.splash",301
"minecraft:entity.generic.swim",302
"minecraft:entity.ghast.ambient",303
"minecraft:entity.ghast.death",304
"minecraft:entity.ghast.hurt",305
"minecraft:entity.ghast.scream",306
"minecraft:entity.ghast.shoot",307
"minecraft:entity.ghast.warn",308
"minecraft:entity.guardian.ambient",330
"minecraft:entity.guardian.ambient_land",331
"minecraft:entity.guardian.attack",332
"minecraft:entity.guardian.death",333
"minecraft:entity.guardian.death_land",334
"minecraft:entity.guardian.flop",335
"minecraft:entity.guardian.hurt",336
"minecraft:entity.guardian.hurt_land",337
"minecraft:entity.hoglin.ambient",339
"minecraft:entity.hoglin.angry",340
"minecraft:entity.hoglin.attack",341
"minecraft:entity.hoglin.converted_to_zombified",342
"minecraft:entity.hoglin.death",343
"minecraft:entity.hoglin.hurt",344
"minecraft:entity.hoglin.retreat",345
"minecraft:entity.hoglin.step",346
"minecraft:entity.horse.ambient",354
"minecraft:entity.horse.angry",355
"minecraft:entity.horse.armor",356
"minecraft:entity.horse.breathe",357
"minecraft:entity.horse.death",358
"minecraft:entity.horse.eat",359
"minecraft:entity.horse.gallop",360
"minecraft:entity.horse.hurt",361
"minecraft:entity.horse.jump",362
"minecraft:entity.horse.land",363
"minecraft:entity.horse.saddle",364
"minecraft:entity.horse.step",365
"minecraft:entity.horse.step_wood",366
"minecraft:entity.hostile.big_fall",367
"minecraft:entity.hostile.death",368
"minecraft:entity.hostile.hurt",369
"minecraft:entity.hostile.small_fall",370
"minecraft:entity.hostile.splash",371
"minecraft:entity.hostile.swim",372
"minecraft:entity.husk.ambient",373
"minecraft:entity.husk.converted_to_zombie",374
"minecraft:entity.husk.death",375
"minecraft:entity.husk.hurt",376
"minecraft:entity.husk.step",377
"minecraft:entity.illusioner.ambient",378
"minecraft:entity.illusioner.cast_spell",379
"minecraft:entity.illusioner.death",380
"minecraft:entity.illusioner.hurt",381
"minecraft:entity.illusioner.mirror_move",382
"minecraft:entity.illusioner.prepare_blindness",383
"minecraft:entity.illusioner.prepare_mirror",384
"minecraft:entity.iron_golem.attack",387
"minecraft:entity.iron_golem.damage",388
"minecraft:entity.iron_golem.death",389
"minecraft:entity.iron_golem.hurt",390
"minecraft:entity.iron_golem.repair",391
"minecraft:entity.iron_golem.step",392
"minecraft:entity.item.break",400
"minecraft:entity.item.pickup",401
"minecraft:entity.item_frame.add_item",395
"minecraft:entity.item_frame.break",396
"minecraft:entity.item_frame.place",397
"minecraft:entity.item_frame.remove_item",398
"minecraft:entity.item_frame.rotate_item",399
"minecraft:entity.leash_knot.break",415
"minecraft:entity.leash_knot.place",416
"minecraft:entity.lightning_bolt.impact",418
"minecraft:entity.lightning_bolt.thunder",419
"minecraft:entity.lingering_potion.throw",420
"minecraft:entity.llama.ambient",421
"minecraft:entity.llama.angry",422
"minecraft:entity.llama.chest",423
"minecraft:entity.llama.death",424
"minecraft:entity.llama.eat",425
"minecraft:entity.llama.hurt",426
"minecraft:entity.llama.spit",427
"minecraft:entity.llama.step",428
"minecraft:entity.llama.swag",429
"minecraft:entity.magma_cube.death",437
"minecraft:entity.magma_cube.death_small",430
"minecraft:entity.magma_cube.hurt",438
"minecraft:entity.magma_cube.hurt_small",439
"minecraft:entity.magma_cube.jump",440
"minecraft:entity.magma_cube.squish",441
"minecraft:entity.magma_cube.squish_small",442
"minecraft:entity.minecart.inside",450
"minecraft:entity.minecart.riding",451
"minecraft:entity.mooshroom.convert",452
"minecraft:entity.mooshroom.eat",453
"minecraft:entity.mooshroom.milk",454
"minecraft:entity.mooshroom.shear",456
"minecraft:entity.mooshroom.suspicious_milk",455
"minecraft:entity.mule.ambient",457
"minecraft:entity.mule.angry",458
"minecraft:entity.mule.chest",459
"minecraft:entity.mule.death",460
"minecraft:entity.mule.eat",461
"minecraft:entity.mule.hurt",462
"minecraft:entity.ocelot.ambient",552
"minecraft:entity.ocelot.death",553
"minecraft:entity.ocelot.hurt",551
"minecraft:entity.painting.break",554
"minecraft:entity.painting.place",555
"minecraft:entity.panda.aggressive_ambient",563
"minecraft:entity.panda.ambient",558
"minecraft:entity.panda.bite",566
"minecraft:entity.panda.cant_breed",562
"minecraft:entity.panda.death",559
"minecraft:entity.panda.eat",560
"minecraft:entity.panda.hurt",565
"minecraft:entity.panda.pre_sneeze",556
"minecraft:entity.panda.sneeze",557
"minecraft:entity.panda.step",561
"minecraft:entity.panda.worried_ambient",564
"minecraft:entity.parrot.ambient",567
"minecraft:entity.parrot.death",568
"minecraft:entity.parrot.eat",569
"minecraft:entity.parrot.fly",570
"minecraft:entity.parrot.hurt",571
"minecraft:entity.parrot.imitate.blaze",572
"minecraft:entity.parrot.imitate.creeper",573
"minecraft:entity.parrot.imitate.drowned",574
"minecraft:entity.parrot.imitate.elder_guardian",575
"minecraft:entity.parrot.imitate.ender_dragon",576
"minecraft:entity.parrot.imitate.endermite",577
"minecraft:entity.parrot.imitate.evoker",578
"minecraft:entity.parrot.imitate.ghast",579
"minecraft:entity.parrot.imitate.guardian",580
"minecraft:entity.parrot.imitate.hoglin",581
"minecraft:entity.parrot.imitate.husk",582
"minecraft:entity.parrot.imitate.illusioner",583
"minecraft:entity.parrot.imitate.magma_cube",584
"minecraft:entity.parrot.imitate.phantom",585
"minecraft:entity.parrot.imitate.piglin",586
"minecraft:entity.parrot.imitate.piglin_brute",587
"minecraft:entity.parrot.imitate.pillager",588
"minecraft:entity.parrot.imitate.ravager",589
"minecraft:entity.parrot.imitate.shulker",590
"minecraft:entity.parrot.imitate.silverfish",591
"minecraft:entity.parrot.imitate.skeleton",592
"minecraft:entity.parrot.imitate.slime",593
"minecraft:entity.parrot.imitate.spider",594
"minecraft:entity.parrot.imitate.stray",595
"minecraft:entity.parrot.imitate.vex",596
"minecraft:entity.parrot.imitate.vindicator",597
"minecraft:entity.parrot.imitate.witch",598
"minecraft:entity.parrot.imitate.wither",599
"minecraft:entity.parrot.imitate.wither_skeleton",600
"minecraft:entity.parrot.imitate.zoglin",601
"minecraft:entity.parrot.imitate.zombie",602
"minecraft:entity.parrot.imitate.zombie_villager",603
"minecraft:entity.parrot.step",604
"minecraft:entity.phantom.ambient",605
"minecraft:entity.phantom.bite",606
"minecraft:entity.phantom.death",607
"minecraft:entity.phantom.flap",608
"minecraft:entity.phantom.hurt",609
"minecraft:entity.phantom.swoop",610
"minecraft:entity.pig.ambient",611
"minecraft:entity.pig.death",612
"minecraft:entity.pig.hurt",613
"minecraft:entity.pig.saddle",614
"minecraft:entity.pig.step",615
"minecraft:entity.piglin.admiring_item",616
"minecraft:entity.piglin.ambient",617
"minecraft:entity.piglin.angry",618
"minecraft:entity.piglin.celebrate",619
"minecraft:entity.piglin.converted_to_zombified",625
"minecraft:entity.piglin.death",620
"minecraft:entity.piglin.hurt",622
"minecraft:entity.piglin.jealous",621
"minecraft:entity.piglin.retreat",623
"minecraft:entity.piglin.step",624
"minecraft:entity.piglin_brute.ambient",626
"minecraft:entity.piglin_brute.angry",627
"minecraft:entity.piglin_brute.converted_to_zombified",631
"minecraft:entity.piglin_brute.death",628
"minecraft:entity.piglin_brute.hurt",629
"minecraft:entity.piglin_brute.step",630
"minecraft:entity.pillager.ambient",632
"minecraft:entity.pillager.celebrate",633
"minecraft:entity.pillager.death",634
"minecraft:entity.pillager.hurt",635
"minecraft:entity.player.attack.crit",638
"minecraft:entity.player.attack.knockback",639
"minecraft:entity.player.attack.nodamage",640
"minecraft:entity.player.attack.strong",641
"minecraft:entity.player.attack.sweep",642
"minecraft:entity.player.attack.weak",643
"minecraft:entity.player.big_fall",644
"minecraft:entity.player.breath",645
"minecraft:entity.player.burp",646
"minecraft:entity.player.death",647
"minecraft:entity.player.hurt",648
"minecraft:entity.player.hurt_drown",649
"minecraft:entity.player.hurt_on_fire",650
"minecraft:entity.player.hurt_sweet_berry_bush",651
"minecraft:entity.player.levelup",652
"minecraft:entity.player.small_fall",653
"minecraft:entity.player.splash",654
"minecraft:entity.player.splash.high_speed",655
"minecraft:entity.player.swim",656
"minecraft:entity.polar_bear.ambient",657
"minecraft:entity.polar_bear.ambient_baby",658
"minecraft:entity.polar_bear.death",659
"minecraft:entity.polar_bear.hurt",660
"minecraft:entity.polar_bear.step",661
"minecraft:entity.polar_bear.warning",662
"minecraft:entity.puffer_fish.ambient",666
"minecraft:entity.puffer_fish.blow_out",667
"minecraft:entity.puffer_fish.blow_up",668
"minecraft:entity.puffer_fish.death",669
"minecraft:entity.puffer_fish.flop",670
"minecraft:entity.puffer_fish.hurt",671
"minecraft:entity.puffer_fish.sting",672
"minecraft:entity.rabbit.ambient",674
"minecraft:entity.rabbit.attack",675
"minecraft:entity.rabbit.death",676
"minecraft:entity.rabbit.hurt",677
"minecraft:entity.rabbit.jump",678
"minecraft:entity.ravager.ambient",680
"minecraft:entity.ravager.attack",681
"minecraft:entity.ravager.celebrate",682
"minecraft:entity.ravager.death",683
"minecraft:entity.ravager.hurt",684
"minecraft:entity.ravager.roar",687
"minecraft:entity.ravager.step",685
"minecraft:entity.ravager.stunned",686
"minecraft:entity.salmon.ambient",703
"minecraft:entity.salmon.death",704
"minecraft:entity.salmon.flop",705
"minecraft:entity.salmon.hurt",706
"minecraft:entity.sheep.ambient",717
"minecraft:entity.sheep.death",718
"minecraft:entity.sheep.hurt",719
"minecraft:entity.sheep.shear",720
"minecraft:entity.sheep.step",721
"minecraft:entity.shulker.ambient",730
"minecraft:entity.shulker.close",735
"minecraft:entity.shulker.death",736
"minecraft:entity.shulker.hurt",737
"minecraft:entity.shulker.hurt_closed",738
"minecraft:entity.shulker.open",739
"minecraft:entity.shulker.shoot",740
"minecraft:entity.shulker.teleport",741
"minecraft:entity.shulker_bullet.hit",733
"minecraft:entity.shulker_bullet.hurt",734
"minecraft:entity.silverfish.ambient",742
"minecraft:entity.silverfish.death",743
"minecraft:entity.silverfish.hurt",744
"minecraft:entity.silverfish.step",745
"minecraft:entity.skeleton.ambient",746
"minecraft:entity.skeleton.death",747
"minecraft:entity.skeleton.hurt",756
"minecraft:entity.skeleton.shoot",757
"minecraft:entity.skeleton.step",758
"minecraft:entity.skeleton_horse.ambient",748
"minecraft:entity.skeleton_horse.ambient_water",752
"minecraft:entity.skeleton_horse.death",749
"minecraft:entity.skeleton_horse.gallop_water",753
"minecraft:entity.skeleton_horse.hurt",750
"minecraft:entity.skeleton_horse.jump_water",754
"minecraft:entity.skeleton_horse.step_water",755
"minecraft:entity.skeleton_horse.swim",751
"minecraft:entity.slime.attack",759
"minecraft:entity.slime.death",760
"minecraft:entity.slime.death_small",789
"minecraft:entity.slime.hurt",761
"minecraft:entity.slime.hurt_small",790
"minecraft:entity.slime.jump",762
"minecraft:entity.slime.jump_small",791
"minecraft:entity.slime.squish",763
"minecraft:entity.slime.squish_small",792
"minecraft:entity.snow_golem.ambient",798
"minecraft:entity.snow_golem.death",799
"minecraft:entity.snow_golem.hurt",800
"minecraft:entity.snow_golem.shear",802
"minecraft:entity.snow_golem.shoot",801
"minecraft:entity.snowball.throw",795
"minecraft:entity.spider.ambient",806
"minecraft:entity.spider.death",807
"minecraft:entity.spider.hurt",808
"minecraft:entity.spider.step",809
"minecraft:entity.splash_potion.break",810
"minecraft:entity.splash_potion.throw",811
"minecraft:entity.squid.ambient",812
"minecraft:entity.squid.death",813
"minecraft:entity.squid.hurt",814
"minecraft:entity.squid.squirt",815
"minecraft:entity.stray.ambient",825
"minecraft:entity.stray.death",826
"minecraft:entity.stray.hurt",827
"minecraft:entity.stray.step",828
"minecraft:entity.strider.ambient",780
"minecraft:entity.strider.death",783
"minecraft:entity.strider.eat",787
"minecraft:entity.strider.happy",781
"minecraft:entity.strider.hurt",784
"minecraft:entity.strider.retreat",782
"minecraft:entity.strider.saddle",788
"minecraft:entity.strider.step",785
"minecraft:entity.strider.step_lava",786
"minecraft:entity.tnt.primed",833
"minecraft:entity.tropical_fish.ambient",847
"minecraft:entity.tropical_fish.death",848
"minecraft:entity.tropical_fish.flop",849
"minecraft:entity.tropical_fish.hurt",850
"minecraft:entity.turtle.ambient_land",851
"minecraft:entity.turtle.death",852
"minecraft:entity.turtle.death_baby",853
"minecraft:entity.turtle.egg_break",854
"minecraft:entity.turtle.egg_crack",855
"minecraft:entity.turtle.egg_hatch",856
"minecraft:entity.turtle.hurt",857
"minecraft:entity.turtle.hurt_baby",858
"minecraft:entity.turtle.lay_egg",859
"minecraft:entity.turtle.shamble",860
"minecraft:entity.turtle.shamble_baby",861
"minecraft:entity.turtle.swim",862
"minecraft:entity.vex.ambient",872
"minecraft:entity.vex.charge",873
"minecraft:entity.vex.death",874
"minecraft:entity.vex.hurt",875
"minecraft:entity.villager.ambient",876
"minecraft:entity.villager.celebrate",877
"minecraft:entity.villager.death",878
"minecraft:entity.villager.hurt",879
"minecraft:entity.villager.no",880
"minecraft:entity.villager.trade",881
"minecraft:entity.villager.work_armorer",883
"minecraft:entity.villager.work_butcher",884
"minecraft:entity.villager.work_cartographer",885
"minecraft:entity.villager.work_cleric",886
"minecraft:entity.villager.work_farmer",887
"minecraft:entity.villager.work_fisherman",888
"minecraft:entity.villager.work_fletcher",889
"minecraft:entity.villager.work_leatherworker",890
"minecraft:entity.villager.work_librarian",891
"minecraft:entity.villager.work_mason",892
"minecraft:entity.villager.work_shepherd",893
"minecraft:entity.villager.work_toolsmith",894
"minecraft:entity.villager.work_weaponsmith",895
"minecraft:entity.villager.yes",882
"minecraft:entity.vindicator.ambient",896
"minecraft:entity.vindicator.celebrate",897
"minecraft:entity.vindicator.death",898
"minecraft:entity.vindicator.hurt",899
"minecraft:entity.wandering_trader.ambient",902
"minecraft:entity.wandering_trader.death",903
"minecraft:entity.wandering_trader.disappeared",904
"minecraft:entity.wandering_trader.drink_milk",905
"minecraft:entity.wandering_trader.drink_potion",906
"minecraft:entity.wandering_trader.hurt",907
"minecraft:entity.wandering_trader.no",908
"minecraft:entity.wandering_trader.reappeared",909
"minecraft:entity.wandering_trader.trade",910
"minecraft:entity.wandering_trader.yes",911
"minecraft:entity.witch.ambient",920
"minecraft:entity.witch.celebrate",921
"minecraft:entity.witch.death",922
"minecraft:entity.witch.drink",923
"minecraft:entity.witch.hurt",924
"minecraft:entity.witch.throw",925
"minecraft:entity.wither.ambient",926
"minecraft:entity.wither.break_block",927
"minecraft:entity.wither.death",928
"minecraft:entity.wither.hurt",929
"minecraft:entity.wither.shoot",930
"minecraft:entity.wither.spawn",935
"minecraft:entity.wither_skeleton.ambient",931
"minecraft:entity.wither_skeleton.death",932
"minecraft:entity.wither_skeleton.hurt",933
"minecraft:entity.wither_skeleton.step",934
"minecraft:entity.wolf.ambient",936
"minecraft:entity.wolf.death",937
"minecraft:entity.wolf.growl",938
"minecraft:entity.wolf.howl",939
"minecraft:entity.wolf.hurt",940
"minecraft:entity.wolf.pant",941
"minecraft:entity.wolf.shake",942
"minecraft:entity.wolf.step",943
"minecraft:entity.wolf.whine",944
"minecraft:entity.zoglin.ambient",963
"minecraft:entity.zoglin.angry",964
"minecraft:entity.zoglin.attack",965
"minecraft:entity.zoglin.death",966
"minecraft:entity.zoglin.hurt",967
"minecraft:entity.zoglin.step",968
"minecraft:entity.zombie.ambient",969
"minecraft:entity.zombie.attack_iron_door",971
"minecraft:entity.zombie.attack_wooden_door",970
"minecraft:entity.zombie.break_wooden_door",972
"minecraft:entity.zombie.converted_to_drowned",973
"minecraft:entity.zombie.death",974
"minecraft:entity.zombie.destroy_egg",975
"minecraft:entity.zombie.hurt",979
"minecraft:entity.zombie.infect",980
"minecraft:entity.zombie.step",985
"minecraft:entity.zombie_horse.ambient",976
"minecraft:entity.zombie_horse.death",977
"minecraft:entity.zombie_horse.hurt",978
"minecraft:entity.zombie_villager.ambient",986
"minecraft:entity.zombie_villager.converted",987
"minecraft:entity.zombie_villager.cure",988
"minecraft:entity.zombie_villager.death",989
"minecraft:entity.zombie_villager.hurt",990
"minecraft:entity.zombie_villager.step",991
"minecraft:entity.zombified_piglin.ambient",981
"minecraft:entity.zombified_piglin.angry",982
"minecraft:entity.zombified_piglin.death",983
"minecraft:entity.zombified_piglin.hurt",984
"minecraft:event.raid.horn",679
"minecraft:item.armor.equip_chain",35
"minecraft:item.armor.equip_diamond",36
"minecraft:item.armor.equip_elytra",37
"minecraft:item.armor.equip_generic",38
"minecraft:item.armor.equip_gold",39
"minecraft:item.armor.equip_iron",40
"minecraft:item.armor.equip_leather",41
"minecraft:item.armor.equip_netherite",42
"minecraft:item.armor.equip_turtle",43
"minecraft:item.axe.strip",51
"minecraft:item.book.page_turn",101
"minecraft:item.book.put",102
"minecraft:item.bottle.empty",104
"minecraft:item.bottle.fill",105
"minecraft:item.bottle.fill_dragonbreath",106
"minecraft:item.bucket.empty",113
"minecraft:item.bucket.empty_fish",114
"minecraft:item.bucket.empty_lava",115
"minecraft:item.bucket.fill",116
"minecraft:item.bucket.fill_fish",117
"minecraft:item.bucket.fill_lava",118
"minecraft:item.chorus_fruit.teleport",144
"minecraft:item.crop.plant",173
"minecraft:item.crossbow.hit",174
"minecraft:item.crossbow.loading_end",175
"minecraft:item.crossbow.loading_middle",176
"minecraft:item.crossbow.loading_start",177
"minecraft:item.crossbow.quick_charge_1",178
"minecraft:item.crossbow.quick_charge_2",179
"minecraft:item.crossbow.quick_charge_3",180
"minecraft:item.crossbow.shoot",181
"minecraft:item.elytra.flying",219
"minecraft:item.firecharge.use",259
"minecraft:item.flintandsteel.use",274
"minecraft:item.hoe.till",338
"minecraft:item.honey_bottle.drink",353
"minecraft:item.lodestone_compass.lock",436
"minecraft:item.nether_wart.plant",494
"minecraft:item.shield.block",722
"minecraft:item.shield.break",723
"minecraft:item.shovel.flatten",729
"minecraft:item.sweet_berries.pick_from_bush",831
"minecraft:item.totem.use",834
"minecraft:item.trident.hit",835
"minecraft:item.trident.hit_ground",836
"minecraft:item.trident.return",837
"minecraft:item.trident.riptide_1",838
"minecraft:item.trident.riptide_2",839
"minecraft:item.trident.riptide_3",840
"minecraft:item.trident.throw",841
"minecraft:item.trident.thunder",842
"minecraft:music.creative",463
"minecraft:music.credits",464
"minecraft:music.dragon",478
"minecraft:music.end",479
"minecraft:music.game",480
"minecraft:music.menu",481
"minecraft:music.nether.basalt_deltas",482
"minecraft:music.nether.crimson_forest",485
"minecraft:music.nether.nether_wastes",483
"minecraft:music.nether.soul_sand_valley",484
"minecraft:music.nether.warped_forest",486
"minecraft:music.under_water",487
"minecraft:music_disc.11",465
"minecraft:music_disc.13",466
"minecraft:music_disc.blocks",467
"minecraft:music_disc.cat",468
"minecraft:music_disc.chirp",469
"minecraft:music_disc.far",470
"minecraft:music_disc.mall",471
"minecraft:music_disc.mellohi",472
"minecraft:music_disc.pigstep",473
"minecraft:music_disc.stal",474
"minecraft:music_disc.strad",475
"minecraft:music_disc.wait",476
"minecraft:music_disc.ward",477
"minecraft:particle.soul_escape",779
"minecraft:ui.button.click",863
"minecraft:ui.cartography_table.take_result",866
"minecraft:ui.loom.select_pattern",864
"minecraft:ui.loom.take_result",865
"minecraft:ui.stonecutter.select_recipe",868
"minecraft:ui.stonecutter.take_result",867
"minecraft:ui.toast.challenge_complete",869
"minecraft:ui.toast.in",870
"minecraft:ui.toast.out",871
"minecraft:weather.rain",913
"minecraft:weather.rain.above",914
"ob_aquamirae:ambient.ship_horn",1081
"ob_aquamirae:block.frozen_chest.unlock",1092
"ob_aquamirae:effect.oxygen",1078
"ob_aquamirae:entity.deep_ambient",1087
"ob_aquamirae:entity.deep_death",1085
"ob_aquamirae:entity.deep_hurt",1082
"ob_aquamirae:entity.drowned_captain.death",1077
"ob_aquamirae:entity.drowned_captain.horn",1079
"ob_aquamirae:entity.drowned_captain.hurt",1091
"ob_aquamirae:entity.drowned_captain.rage",1084
"ob_aquamirae:entity.drowned_captain.tp",1088
"ob_aquamirae:entity.golden_moth.ambient",1076
"ob_aquamirae:entity.golden_moth.catch",1093
"ob_aquamirae:entity.golden_statue.ambient",1089
"ob_aquamirae:item.shell_horn.use",1090
"ob_aquamirae:item.terrible_sword",1083
"ob_aquamirae:music.ice_maze_theme",1086
"ob_aquamirae:music_disc",1080
"savageandravage:block.runed_gloomy_tiles.activate",1502
"savageandravage:entity.creeper_spores.throw",1501
"savageandravage:entity.creepie.convert",1493
"savageandravage:entity.creepie.death",1491
"savageandravage:entity.creepie.grow",1494
"savageandravage:entity.creepie.hurt",1490
"savageandravage:entity.creepie.primed",1492
"savageandravage:entity.iceologer.ambient",1495
"savageandravage:entity.iceologer.cast_spell",1499
"savageandravage:entity.iceologer.celebrate",1498
"savageandravage:entity.iceologer.death",1497
"savageandravage:entity.iceologer.hurt",1496
"savageandravage:entity.player.cast_spell",1500
"silentgems:soul_urn_lid",1566
"silentgems:soul_urn_open",1567
"supplementaries:block.gunpowder.ignite",1054
"supplementaries:block.tick_1",1050
"supplementaries:block.tick_2",1051
"supplementaries:block.tom",1049
"supplementaries:item.bomb",1052
"supplementaries:music.pancake",1053
"the_afterlight:afterlight_ambience",1247
"the_afterlight:dense_forest_pound",1249
"the_afterlight:eerie_echo",1251
"the_afterlight:mire_ambience",1252
"the_afterlight:moon_forest_whisper",1248
"the_afterlight:moonlight_ambience_1",1246
"the_afterlight:wind_blows",1250
"thermal:block.device_water_gen",1375
"thermal:entity.basalz.ambient",1376
"thermal:entity.basalz.death",1378
"thermal:entity.basalz.hurt",1379
"thermal:entity.basalz.roam",1377
"thermal:entity.basalz.shoot",1380
"thermal:entity.blitz.ambient",1381
"thermal:entity.blitz.death",1383
"thermal:entity.blitz.hurt",1384
"thermal:entity.blitz.roam",1382
"thermal:entity.blitz.shoot",1385
"thermal:entity.blizz.ambient",1386
"thermal:entity.blizz.death",1388
"thermal:entity.blizz.hurt",1389
"thermal:entity.blizz.roam",1387
"thermal:entity.blizz.shoot",1390
"thermal:item.magnet",1391
"thermal:misc.tinker",1392
"upgrade_aquatic:entity.jellyfish.ambient",1449
"upgrade_aquatic:entity.jellyfish.cooldown_end",1454
"upgrade_aquatic:entity.jellyfish.cooldown_start",1453
"upgrade_aquatic:entity.jellyfish.death",1451
"upgrade_aquatic:entity.jellyfish.ghost_vanish",1456
"upgrade_aquatic:entity.jellyfish.harvest",1452
"upgrade_aquatic:entity.jellyfish.hurt",1450
"upgrade_aquatic:entity.jellyfish.sting",1455
"upgrade_aquatic:entity.perch.ambient",1436
"upgrade_aquatic:entity.perch.death",1437
"upgrade_aquatic:entity.perch.flop",1439
"upgrade_aquatic:entity.perch.hurt",1438
"upgrade_aquatic:entity.pike.ambient",1430
"upgrade_aquatic:entity.pike.bite",1434
"upgrade_aquatic:entity.pike.death",1431
"upgrade_aquatic:entity.pike.flop",1433
"upgrade_aquatic:entity.pike.hurt",1432
"upgrade_aquatic:entity.pike.spit",1435
"upgrade_aquatic:entity.thrasher.ambient",1443
"upgrade_aquatic:entity.thrasher.ambient_land",1444
"upgrade_aquatic:entity.thrasher.death",1447
"upgrade_aquatic:entity.thrasher.death_land",1448
"upgrade_aquatic:entity.thrasher.flop",1442
"upgrade_aquatic:entity.thrasher.hurt",1445
"upgrade_aquatic:entity.thrasher.hurt_land",1446
"upgrade_aquatic:entity.thrasher.sonar_fire",1441
"upgrade_aquatic:entity.thrasher.thrash",1440
"upgrade_aquatic:item.bucket.empty_jellyfish",1457
"upgrade_aquatic:item.bucket.fill_jellyfish",1458
"vampirism:ambient_castle",1169
"vampirism:bat_swarm",1172
"vampirism:boiling",1173
"vampirism:coffin_lid",1170
"vampirism:crossbow",1171
"vampirism:entity_vampire_scream",1167
"vampirism:grinder",1174
"vampirism:player_bite",1168
"vampirism:task_complete",1175
"whisperwoods:hidebehind",1164
"wyrmroost:breathweapon.fire",1208
"wyrmroost:entity.alpine.death",1237
"wyrmroost:entity.alpine.hurt",1235
"wyrmroost:entity.alpine.idle",1234
"wyrmroost:entity.alpine.roar",1236
"wyrmroost:entity.bfly.death",1223
"wyrmroost:entity.bfly.hurt",1222
"wyrmroost:entity.bfly.idle",1220
"wyrmroost:entity.bfly.roar",1221
"wyrmroost:entity.canari.death",1226
"wyrmroost:entity.canari.hurt",1225
"wyrmroost:entity.canari.idle",1224
"wyrmroost:entity.coindragon.idle",1238
"wyrmroost:entity.dfd.death",1229
"wyrmroost:entity.dfd.hurt",1228
"wyrmroost:entity.dfd.idle",1227
"wyrmroost:entity.ldwyrm.idle",1209
"wyrmroost:entity.owdrake.death",1216
"wyrmroost:entity.owdrake.hurt",1215
"wyrmroost:entity.owdrake.idle",1213
"wyrmroost:entity.owdrake.roar",1214
"wyrmroost:entity.royalred.death",1233
"wyrmroost:entity.royalred.hurt",1231
"wyrmroost:entity.royalred.idle",1230
"wyrmroost:entity.royalred.roar",1232
"wyrmroost:entity.silverglider.death",1212
"wyrmroost:entity.silverglider.hurt",1211
"wyrmroost:entity.silverglider.idle",1210
"wyrmroost:entity.stalker.death",1219
"wyrmroost:entity.stalker.hurt",1218
"wyrmroost:entity.stalker.idle",1217
"wyrmroost:wing.flap",1207
