"Registry name","Class","Ticking?"
"abnormals_core:beehive","com.minecraftabnormals.abnormals_core.common.tileentity.AbnormalsBeehiveTileEntity","yes"
"abnormals_core:chest","com.minecraftabnormals.abnormals_core.common.tileentity.AbnormalsChestTileEntity","yes"
"abnormals_core:sign","com.minecraftabnormals.abnormals_core.common.tileentity.AbnormalsSignTileEntity","-"
"abnormals_core:trapped_chest","com.minecraftabnormals.abnormals_core.common.tileentity.AbnormalsTrappedChestTileEntity","yes"
"advancedperipherals:ar_controller","de.srendi.advancedperipherals.common.blocks.tileentity.ARControllerTile","-"
"advancedperipherals:block_reader","de.srendi.advancedperipherals.common.blocks.tileentity.BlockReaderTile","-"
"advancedperipherals:chat_box","de.srendi.advancedperipherals.common.blocks.tileentity.ChatBoxTile","yes"
"advancedperipherals:colony_integrator","de.srendi.advancedperipherals.common.blocks.tileentity.ColonyIntegratorTile","-"
"advancedperipherals:energy_detector","de.srendi.advancedperipherals.common.blocks.tileentity.EnergyDetectorTile","yes"
"advancedperipherals:environment_detector","de.srendi.advancedperipherals.common.blocks.tileentity.EnvironmentDetectorTile","-"
"advancedperipherals:geo_scanner","de.srendi.advancedperipherals.common.blocks.tileentity.GeoScannerTile","-"
"advancedperipherals:inventory_manager","de.srendi.advancedperipherals.common.blocks.tileentity.InventoryManagerTile","-"
"advancedperipherals:nbt_storage","de.srendi.advancedperipherals.common.blocks.tileentity.NBTStorageTile","-"
"advancedperipherals:player_detector","de.srendi.advancedperipherals.common.blocks.tileentity.PlayerDetectorTile","-"
"advancedperipherals:redstone_integrator","de.srendi.advancedperipherals.common.blocks.tileentity.RedstoneIntegratorTile","-"
"advancedperipherals:rs_bridge","de.srendi.advancedperipherals.common.blocks.tileentity.RsBridgeTile","-"
"alexsmobs:capsid","com.github.alexthe666.alexsmobs.tileentity.TileEntityCapsid","yes"
"alexsmobs:leafcutter_anthill","com.github.alexthe666.alexsmobs.tileentity.TileEntityLeafcutterAnthill","yes"
"alexsmobs:void_worm_beak","com.github.alexthe666.alexsmobs.tileentity.TileEntityVoidWormBeak","yes"
"ars_nouveau:alchemical_sourcelink","com.hollingsworth.arsnouveau.common.block.tile.AlchemicalSourcelinkTile","yes"
"ars_nouveau:arcane_core","com.hollingsworth.arsnouveau.common.block.tile.ArcaneCoreTile","yes"
"ars_nouveau:arcane_pedestal","com.hollingsworth.arsnouveau.common.block.tile.ArcanePedestalTile","yes"
"ars_nouveau:arcane_relay","com.hollingsworth.arsnouveau.common.block.tile.ArcaneRelayTile","yes"
"ars_nouveau:arcane_relay_splitter","com.hollingsworth.arsnouveau.common.block.tile.ArcaneRelaySplitterTile","yes"
"ars_nouveau:archwood_chest","com.hollingsworth.arsnouveau.common.block.tile.ArchwoodChestTile","yes"
"ars_nouveau:basic_spell_turret","com.hollingsworth.arsnouveau.common.block.tile.BasicSpellTurretTile","-"
"ars_nouveau:bookwyrm_lectern","com.hollingsworth.arsnouveau.common.block.tile.BookwyrmLecternTile","yes"
"ars_nouveau:creative_mana_jar","com.hollingsworth.arsnouveau.common.block.tile.CreativeManaJarTile","yes"
"ars_nouveau:crystallizer","com.hollingsworth.arsnouveau.common.block.tile.CrystallizerTile","yes"
"ars_nouveau:drygmy_stone","com.hollingsworth.arsnouveau.common.block.tile.DrygmyTile","yes"
"ars_nouveau:enchanting_apparatus","com.hollingsworth.arsnouveau.common.block.tile.EnchantingApparatusTile","yes"
"ars_nouveau:glyph_press","com.hollingsworth.arsnouveau.common.block.tile.GlyphPressTile","yes"
"ars_nouveau:intangible_air","com.hollingsworth.arsnouveau.common.block.tile.IntangibleAirTile","yes"
"ars_nouveau:light_block","com.hollingsworth.arsnouveau.common.block.tile.LightTile","-"
"ars_nouveau:mana_condenser","com.hollingsworth.arsnouveau.common.block.tile.AgronomicSourcelinkTile","yes"
"ars_nouveau:mana_jar","com.hollingsworth.arsnouveau.common.block.tile.ManaJarTile","yes"
"ars_nouveau:mycelial_sourcelink","com.hollingsworth.arsnouveau.common.block.tile.MycelialSourcelinkTile","yes"
"ars_nouveau:phantom_block","com.hollingsworth.arsnouveau.common.block.tile.PhantomBlockTile","yes"
"ars_nouveau:portal","com.hollingsworth.arsnouveau.common.block.tile.PortalTile","yes"
"ars_nouveau:potion_jar","com.hollingsworth.arsnouveau.common.block.tile.PotionJarTile","yes"
"ars_nouveau:potion_melder","com.hollingsworth.arsnouveau.common.block.tile.PotionMelderTile","yes"
"ars_nouveau:relay_deposit","com.hollingsworth.arsnouveau.common.block.tile.RelayDepositTile","yes"
"ars_nouveau:relay_warp","com.hollingsworth.arsnouveau.common.block.tile.RelayWarpTile","yes"
"ars_nouveau:ritual","com.hollingsworth.arsnouveau.common.block.tile.RitualTile","yes"
"ars_nouveau:rune","com.hollingsworth.arsnouveau.common.block.tile.RuneTile","yes"
"ars_nouveau:sconce","com.hollingsworth.arsnouveau.common.block.tile.SconceTile","yes"
"ars_nouveau:scribes_table","com.hollingsworth.arsnouveau.common.block.tile.ScribesTile","-"
"ars_nouveau:spell_turret","com.hollingsworth.arsnouveau.common.block.tile.SpellTurretTile","-"
"ars_nouveau:summoning_crystal","com.hollingsworth.arsnouveau.common.block.tile.SummoningCrystalTile","yes"
"ars_nouveau:timer_spell_turret","com.hollingsworth.arsnouveau.common.block.tile.TimerSpellTurretTile","yes"
"ars_nouveau:vitalic_sourcelink","com.hollingsworth.arsnouveau.common.block.tile.VitalicSourcelinkTile","yes"
"ars_nouveau:volcanic_accumulator","com.hollingsworth.arsnouveau.common.block.tile.VolcanicSourcelinkTile","yes"
"ars_nouveau:wixie_cauldron","com.hollingsworth.arsnouveau.common.block.tile.WixieCauldronTile","yes"
"astralsorcery:altar","hellfirepvp.astralsorcery.common.tile.altar.TileAltar","yes"
"astralsorcery:attunement_altar","hellfirepvp.astralsorcery.common.tile.TileAttunementAltar","yes"
"astralsorcery:celestial_crystals","hellfirepvp.astralsorcery.common.tile.TileCelestialCrystals","yes"
"astralsorcery:celestial_gateway","hellfirepvp.astralsorcery.common.tile.TileCelestialGateway","yes"
"astralsorcery:chalice","hellfirepvp.astralsorcery.common.tile.TileChalice","yes"
"astralsorcery:collector_crystal","hellfirepvp.astralsorcery.common.tile.TileCollectorCrystal","yes"
"astralsorcery:fountain","hellfirepvp.astralsorcery.common.tile.TileFountain","yes"
"astralsorcery:gem_crystals","hellfirepvp.astralsorcery.common.tile.TileGemCrystals","yes"
"astralsorcery:illuminator","hellfirepvp.astralsorcery.common.tile.TileIlluminator","yes"
"astralsorcery:infuser","hellfirepvp.astralsorcery.common.tile.TileInfuser","yes"
"astralsorcery:lens","hellfirepvp.astralsorcery.common.tile.TileLens","yes"
"astralsorcery:observatory","hellfirepvp.astralsorcery.common.tile.TileObservatory","yes"
"astralsorcery:prism","hellfirepvp.astralsorcery.common.tile.TilePrism","yes"
"astralsorcery:refraction_table","hellfirepvp.astralsorcery.common.tile.TileRefractionTable","yes"
"astralsorcery:ritual_link","hellfirepvp.astralsorcery.common.tile.TileRitualLink","yes"
"astralsorcery:ritual_pedestal","hellfirepvp.astralsorcery.common.tile.TileRitualPedestal","yes"
"astralsorcery:spectral_relay","hellfirepvp.astralsorcery.common.tile.TileSpectralRelay","yes"
"astralsorcery:telescope","hellfirepvp.astralsorcery.common.tile.TileTelescope","-"
"astralsorcery:translucent_block","hellfirepvp.astralsorcery.common.tile.TileTranslucentBlock","yes"
"astralsorcery:tree_beacon","hellfirepvp.astralsorcery.common.tile.TileTreeBeacon","yes"
"astralsorcery:tree_beacon_component","hellfirepvp.astralsorcery.common.tile.TileTreeBeaconComponent","yes"
"astralsorcery:vanishing","hellfirepvp.astralsorcery.common.tile.TileVanishing","yes"
"astralsorcery:well","hellfirepvp.astralsorcery.common.tile.TileWell","yes"
"betteranimalsplus:head","dev.itsmeow.betteranimalsplus.imdlib.tileentity.TileEntityHead","-"
"betteranimalsplus:trilliumtileentity","its_meow.betteranimalsplus.common.tileentity.TileEntityTrillium","-"
"betterendforge:barrel","mod.beethoven92.betterendforge.common.tileentity.EndBarrelTileEntity","-"
"betterendforge:chest","mod.beethoven92.betterendforge.common.tileentity.EChestTileEntity","yes"
"betterendforge:end_stone_smelter_tile_entity","mod.beethoven92.betterendforge.common.tileentity.EndStoneSmelterTileEntity","yes"
"betterendforge:eternal_pedestal_tile_entity","mod.beethoven92.betterendforge.common.tileentity.EternalPedestalTileEntity","yes"
"betterendforge:furnace","mod.beethoven92.betterendforge.common.tileentity.EndFurnaceTileEntity","yes"
"betterendforge:hydrothermal_vent_tile_entity","mod.beethoven92.betterendforge.common.tileentity.HydrothermalVentTileEntity","yes"
"betterendforge:infusion_pedestal_tile_entity","mod.beethoven92.betterendforge.common.tileentity.InfusionPedestalTileEntity","yes"
"betterendforge:pedestal_tile_entity","mod.beethoven92.betterendforge.common.tileentity.PedestalTileEntity","yes"
"betterendforge:sign","mod.beethoven92.betterendforge.common.tileentity.ESignTileEntity","-"
"bloodmagic:alchemicalreactionchamber","wayoftime.bloodmagic.tile.TileAlchemicalReactionChamber","yes"
"bloodmagic:alchemyarray","wayoftime.bloodmagic.tile.TileAlchemyArray","yes"
"bloodmagic:alchemytable","wayoftime.bloodmagic.tile.TileAlchemyTable","yes"
"bloodmagic:altar","wayoftime.bloodmagic.tile.TileAltar","yes"
"bloodmagic:deforester_charge","wayoftime.bloodmagic.tile.TileDeforesterCharge","yes"
"bloodmagic:demoncrucible","wayoftime.bloodmagic.tile.TileDemonCrucible","yes"
"bloodmagic:demoncrystal","wayoftime.bloodmagic.tile.TileDemonCrystal","yes"
"bloodmagic:demoncrystallizer","wayoftime.bloodmagic.tile.TileDemonCrystallizer","yes"
"bloodmagic:dungeon_controller","wayoftime.bloodmagic.tile.TileDungeonController","-"
"bloodmagic:dungeon_seal","wayoftime.bloodmagic.tile.TileDungeonSeal","-"
"bloodmagic:dungeonalternator","wayoftime.bloodmagic.tile.TileDungeonAlternator","yes"
"bloodmagic:fungal_charge","wayoftime.bloodmagic.tile.TileFungalCharge","yes"
"bloodmagic:incensealtar","wayoftime.bloodmagic.tile.TileIncenseAltar","yes"
"bloodmagic:inputroutingnode","wayoftime.bloodmagic.tile.routing.TileInputRoutingNode","yes"
"bloodmagic:inversion_pillar","wayoftime.bloodmagic.tile.TileInversionPillar","-"
"bloodmagic:itemroutingnode","wayoftime.bloodmagic.tile.routing.TileRoutingNode","yes"
"bloodmagic:masterritualstone","wayoftime.bloodmagic.tile.TileMasterRitualStone","yes"
"bloodmagic:masterroutingnode","wayoftime.bloodmagic.tile.routing.TileMasterRoutingNode","yes"
"bloodmagic:mimic","wayoftime.bloodmagic.tile.TileMimic","-"
"bloodmagic:outputroutingnode","wayoftime.bloodmagic.tile.routing.TileOutputRoutingNode","yes"
"bloodmagic:shaped_explosive","wayoftime.bloodmagic.tile.TileShapedExplosive","yes"
"bloodmagic:soulforge","wayoftime.bloodmagic.tile.TileSoulForge","yes"
"bloodmagic:spiketrap","wayoftime.bloodmagic.tile.TileSpikeTrap","yes"
"bloodmagic:veinmine_charge","wayoftime.bloodmagic.tile.TileVeinMineCharge","yes"
"brazier:brazier","com.possible_triangle.brazier.block.tile.BrazierTile","yes"
"buildersaddition:arcade","com.mrh0.buildersaddition.tileentity.ArcadeTileEntity","yes"
"buildersaddition:bedside_table","com.mrh0.buildersaddition.tileentity.BedsideTileEntity","-"
"buildersaddition:bookshelf","com.mrh0.buildersaddition.tileentity.BookshelfTileEntity","-"
"buildersaddition:cabinet","com.mrh0.buildersaddition.tileentity.CabinetTileEntity","-"
"buildersaddition:counter","com.mrh0.buildersaddition.tileentity.CounterTileEntity","-"
"buildersaddition:cupboard","com.mrh0.buildersaddition.tileentity.CupboardTileEntity","-"
"buildersaddition:entity_detector","com.mrh0.buildersaddition.tileentity.EntityDetectorTileEntity","yes"
"buildersaddition:shelf","com.mrh0.buildersaddition.tileentity.ShelfTileEntity","-"
"buildersaddition:shop_sign","com.mrh0.buildersaddition.tileentity.ShopSignTileEntity","-"
"buildersaddition:speaker","com.mrh0.buildersaddition.tileentity.SpeakerTileEntity","-"
"buildinggadgets:construction_tile","com.direwolf20.buildinggadgets.common.tileentities.ConstructionBlockTileEntity","-"
"buildinggadgets:effect_block_tile","com.direwolf20.buildinggadgets.common.tileentities.EffectBlockTileEntity","yes"
"buildinggadgets:template_manager_tile","com.direwolf20.buildinggadgets.common.tileentities.TemplateManagerTileEntity","-"
"buzzier_bees:scented_candle","com.minecraftabnormals.buzzier_bees.common.tileentity.ScentedCandleTileEntity","yes"
"byg:hypogeal","corgiaoc.byg.common.entity.tileentities.HypogealImperiumTE","yes"
"cagedmobs:mobcage","com.corgam.cagedmobs.tileEntities.MobCageTE","yes"
"cofh_core:ender_air","cofh.core.tileentity.EnderAirTile","yes"
"cofh_core:glow_air","cofh.core.tileentity.GlowAirTile","yes"
"cofh_core:lightning_air","cofh.core.tileentity.LightningAirTile","yes"
"cofh_core:signal_air","cofh.core.tileentity.SignalAirTile","yes"
"computercraft:cable","dan200.computercraft.shared.peripheral.modem.wired.TileCable","-"
"computercraft:computer_advanced","dan200.computercraft.shared.computer.blocks.TileComputer","yes"
"computercraft:computer_command","dan200.computercraft.shared.computer.blocks.TileCommandComputer","yes"
"computercraft:computer_normal","dan200.computercraft.shared.computer.blocks.TileComputer","yes"
"computercraft:disk_drive","dan200.computercraft.shared.peripheral.diskdrive.TileDiskDrive","yes"
"computercraft:monitor_advanced","dan200.computercraft.shared.peripheral.monitor.TileMonitor","-"
"computercraft:monitor_normal","dan200.computercraft.shared.peripheral.monitor.TileMonitor","-"
"computercraft:printer","dan200.computercraft.shared.peripheral.printer.TilePrinter","-"
"computercraft:speaker","dan200.computercraft.shared.peripheral.speaker.TileSpeaker","yes"
"computercraft:turtle_advanced","dan200.computercraft.shared.turtle.blocks.TileTurtle","yes"
"computercraft:turtle_normal","dan200.computercraft.shared.turtle.blocks.TileTurtle","yes"
"computercraft:wired_modem_full","dan200.computercraft.shared.peripheral.modem.wired.TileWiredModemFull","-"
"computercraft:wireless_modem_advanced","dan200.computercraft.shared.peripheral.modem.wireless.TileWirelessModem","-"
"computercraft:wireless_modem_normal","dan200.computercraft.shared.peripheral.modem.wireless.TileWirelessModem","-"
"create:adjustable_crate","com.simibubi.create.content.logistics.block.inventories.AdjustableCrateTileEntity","yes"
"create:adjustable_pulley","com.simibubi.create.content.contraptions.relays.encased.AdjustablePulleyTileEntity","yes"
"create:adjustable_pulse_repeater","com.simibubi.create.content.logistics.block.diodes.AdjustablePulseRepeaterTileEntity","yes"
"create:adjustable_repeater","com.simibubi.create.content.logistics.block.diodes.AdjustableRepeaterTileEntity","yes"
"create:analog_lever","com.simibubi.create.content.logistics.block.redstone.AnalogLeverTileEntity","yes"
"create:andesite_tunnel","com.simibubi.create.content.logistics.block.belts.tunnel.BeltTunnelTileEntity","yes"
"create:basin","com.simibubi.create.content.contraptions.processing.BasinTileEntity","yes"
"create:belt","com.simibubi.create.content.contraptions.relays.belt.BeltTileEntity","yes"
"create:blaze_heater","com.simibubi.create.content.contraptions.processing.burner.BlazeBurnerTileEntity","yes"
"create:brass_tunnel","com.simibubi.create.content.logistics.block.belts.tunnel.BrassTunnelTileEntity","yes"
"create:cart_assembler","com.simibubi.create.content.contraptions.components.structureMovement.mounted.CartAssemblerTileEntity","yes"
"create:chassis","com.simibubi.create.content.contraptions.components.structureMovement.chassis.ChassisTileEntity","yes"
"create:chute","com.simibubi.create.content.logistics.block.chute.ChuteTileEntity","yes"
"create:clockwork_bearing","com.simibubi.create.content.contraptions.components.structureMovement.bearing.ClockworkBearingTileEntity","yes"
"create:clutch","com.simibubi.create.content.contraptions.relays.encased.ClutchTileEntity","yes"
"create:content_observer","com.simibubi.create.content.logistics.block.redstone.ContentObserverTileEntity","yes"
"create:copper_backtank","com.simibubi.create.content.curiosities.armor.CopperBacktankTileEntity","yes"
"create:creative_crate","com.simibubi.create.content.logistics.block.inventories.CreativeCrateTileEntity","yes"
"create:creative_fluid_tank","com.simibubi.create.content.contraptions.fluids.tank.CreativeFluidTankTileEntity","yes"
"create:crushing_wheel","com.simibubi.create.content.contraptions.components.crusher.CrushingWheelTileEntity","yes"
"create:crushing_wheel_controller","com.simibubi.create.content.contraptions.components.crusher.CrushingWheelControllerTileEntity","yes"
"create:cuckoo_clock","com.simibubi.create.content.contraptions.components.clock.CuckooClockTileEntity","yes"
"create:cursed_bell","com.simibubi.create.content.curiosities.bell.HauntedBellTileEntity","yes"
"create:deployer","com.simibubi.create.content.contraptions.components.deployer.DeployerTileEntity","yes"
"create:depot","com.simibubi.create.content.logistics.block.depot.DepotTileEntity","yes"
"create:drill","com.simibubi.create.content.contraptions.components.actors.DrillTileEntity","yes"
"create:encased_fan","com.simibubi.create.content.contraptions.components.fan.EncasedFanTileEntity","yes"
"create:encased_fluid_pipe","com.simibubi.create.content.contraptions.fluids.pipes.FluidPipeTileEntity","yes"
"create:encased_shaft","com.simibubi.create.content.contraptions.relays.encased.EncasedShaftTileEntity","yes"
"create:fluid_pipe","com.simibubi.create.content.contraptions.fluids.pipes.FluidPipeTileEntity","yes"
"create:fluid_tank","com.simibubi.create.content.contraptions.fluids.tank.FluidTankTileEntity","yes"
"create:fluid_valve","com.simibubi.create.content.contraptions.fluids.pipes.FluidValveTileEntity","yes"
"create:flywheel","com.simibubi.create.content.contraptions.components.flywheel.FlywheelTileEntity","yes"
"create:funnel","com.simibubi.create.content.logistics.block.funnel.FunnelTileEntity","yes"
"create:furnace_engine","com.simibubi.create.content.contraptions.components.flywheel.engine.FurnaceEngineTileEntity","yes"
"create:gantry_pinion","com.simibubi.create.content.contraptions.components.structureMovement.gantry.GantryCarriageTileEntity","yes"
"create:gantry_shaft","com.simibubi.create.content.contraptions.relays.advanced.GantryShaftTileEntity","yes"
"create:gearbox","com.simibubi.create.content.contraptions.relays.gearbox.GearboxTileEntity","yes"
"create:gearshift","com.simibubi.create.content.contraptions.relays.gearbox.GearshiftTileEntity","yes"
"create:glass_fluid_pipe","com.simibubi.create.content.contraptions.fluids.pipes.StraightPipeTileEntity","yes"
"create:hand_crank","com.simibubi.create.content.contraptions.components.crank.HandCrankTileEntity","yes"
"create:harvester","com.simibubi.create.content.contraptions.components.actors.HarvesterTileEntity","-"
"create:hose_pulley","com.simibubi.create.content.contraptions.fluids.actors.HosePulleyTileEntity","yes"
"create:item_drain","com.simibubi.create.content.contraptions.fluids.actors.ItemDrainTileEntity","yes"
"create:lectern_controller","com.simibubi.create.content.logistics.item.LecternControllerTileEntity","yes"
"create:mechanical_arm","com.simibubi.create.content.logistics.block.mechanicalArm.ArmTileEntity","yes"
"create:mechanical_bearing","com.simibubi.create.content.contraptions.components.structureMovement.bearing.MechanicalBearingTileEntity","yes"
"create:mechanical_crafter","com.simibubi.create.content.contraptions.components.crafter.MechanicalCrafterTileEntity","yes"
"create:mechanical_mixer","com.simibubi.create.content.contraptions.components.mixer.MechanicalMixerTileEntity","yes"
"create:mechanical_piston","com.simibubi.create.content.contraptions.components.structureMovement.piston.MechanicalPistonTileEntity","yes"
"create:mechanical_press","com.simibubi.create.content.contraptions.components.press.MechanicalPressTileEntity","yes"
"create:mechanical_pump","com.simibubi.create.content.contraptions.fluids.PumpTileEntity","yes"
"create:millstone","com.simibubi.create.content.contraptions.components.millstone.MillstoneTileEntity","yes"
"create:motor","com.simibubi.create.content.contraptions.components.motor.CreativeMotorTileEntity","yes"
"create:nixie_tube","com.simibubi.create.content.logistics.block.redstone.NixieTubeTileEntity","yes"
"create:nozzle","com.simibubi.create.content.contraptions.components.fan.NozzleTileEntity","yes"
"create:peculiar_bell","com.simibubi.create.content.curiosities.bell.PeculiarBellTileEntity","yes"
"create:portable_fluid_interface","com.simibubi.create.content.contraptions.components.actors.PortableFluidInterfaceTileEntity","yes"
"create:portable_storage_interface","com.simibubi.create.content.contraptions.components.actors.PortableItemInterfaceTileEntity","yes"
"create:redstone_link","com.simibubi.create.content.logistics.block.redstone.RedstoneLinkTileEntity","yes"
"create:rope_pulley","com.simibubi.create.content.contraptions.components.structureMovement.pulley.PulleyTileEntity","yes"
"create:rotation_speed_controller","com.simibubi.create.content.contraptions.relays.advanced.SpeedControllerTileEntity","yes"
"create:saw","com.simibubi.create.content.contraptions.components.saw.SawTileEntity","yes"
"create:schematic_table","com.simibubi.create.content.schematics.block.SchematicTableTileEntity","yes"
"create:schematicannon","com.simibubi.create.content.schematics.block.SchematicannonTileEntity","yes"
"create:sequenced_gearshift","com.simibubi.create.content.contraptions.relays.advanced.sequencer.SequencedGearshiftTileEntity","yes"
"create:simple_kinetic","com.simibubi.create.content.contraptions.relays.elementary.SimpleKineticTileEntity","yes"
"create:smart_chute","com.simibubi.create.content.logistics.block.chute.SmartChuteTileEntity","yes"
"create:smart_fluid_pipe","com.simibubi.create.content.contraptions.fluids.pipes.SmartFluidPipeTileEntity","yes"
"create:speedometer","com.simibubi.create.content.contraptions.relays.gauge.SpeedGaugeTileEntity","yes"
"create:spout","com.simibubi.create.content.contraptions.fluids.actors.SpoutTileEntity","yes"
"create:sticker","com.simibubi.create.content.contraptions.components.structureMovement.chassis.StickerTileEntity","yes"
"create:stockpile_switch","com.simibubi.create.content.logistics.block.redstone.StockpileSwitchTileEntity","yes"
"create:stressometer","com.simibubi.create.content.contraptions.relays.gauge.StressGaugeTileEntity","yes"
"create:turntable","com.simibubi.create.content.contraptions.components.turntable.TurntableTileEntity","yes"
"create:water_wheel","com.simibubi.create.content.contraptions.components.waterwheel.WaterWheelTileEntity","yes"
"create:weighted_ejector","com.simibubi.create.content.logistics.block.depot.EjectorTileEntity","yes"
"create:windmill_bearing","com.simibubi.create.content.contraptions.components.structureMovement.bearing.WindmillBearingTileEntity","yes"
"createaddition:accumulator","com.mrh0.createaddition.blocks.accumulator.AccumulatorTileEntity","yes"
"createaddition:alternator","com.mrh0.createaddition.blocks.alternator.AlternatorTileEntity","yes"
"createaddition:charger","com.mrh0.createaddition.blocks.charger.ChargerTileEntity","yes"
"createaddition:connector","com.mrh0.createaddition.blocks.connector.ConnectorTileEntity","yes"
"createaddition:creative_energy","com.mrh0.createaddition.blocks.creative_energy.CreativeEnergyTileEntity","yes"
"createaddition:crude_burner","com.mrh0.createaddition.blocks.crude_burner.CrudeBurnerTileEntity","yes"
"createaddition:electric_motor","com.mrh0.createaddition.blocks.electric_motor.ElectricMotorTileEntity","yes"
"createaddition:furnace_burner","com.mrh0.createaddition.blocks.furnace_burner.FurnaceBurnerTileEntity","yes"
"createaddition:heater","com.mrh0.createaddition.blocks.heater.HeaterTileEntity","yes"
"createaddition:redstone_relay","com.mrh0.createaddition.blocks.redstone_relay.RedstoneRelayTileEntity","yes"
"createaddition:rolling_mill","com.mrh0.createaddition.blocks.rolling_mill.RollingMillTileEntity","yes"
"ctiers:centrifuge_casing_tier_3","com.YTrollman.CentrifugeTiers.tileentity.CentrifugeCasingTileEntityTier3","-"
"ctiers:centrifuge_casing_tier_4","com.YTrollman.CentrifugeTiers.tileentity.CentrifugeCasingTileEntityTier4","-"
"ctiers:centrifuge_casing_tier_5","com.YTrollman.CentrifugeTiers.tileentity.CentrifugeCasingTileEntityTier5","-"
"ctiers:centrifuge_casing_tier_creative","com.YTrollman.CentrifugeTiers.tileentity.CentrifugeCasingTileEntityTierCreative","-"
"ctiers:centrifuge_controller_tier_3","com.YTrollman.CentrifugeTiers.tileentity.CentrifugeControllerTileEntityTier3","yes"
"ctiers:centrifuge_controller_tier_4","com.YTrollman.CentrifugeTiers.tileentity.CentrifugeControllerTileEntityTier4","yes"
"ctiers:centrifuge_controller_tier_5","com.YTrollman.CentrifugeTiers.tileentity.CentrifugeControllerTileEntityTier5","yes"
"ctiers:centrifuge_controller_tier_creative","com.YTrollman.CentrifugeTiers.tileentity.CentrifugeControllerTileEntityTierCreative","yes"
"disenchanting:disenchanter","com.chirptheboy.disenchanting.blocks.DisenchanterTile","yes"
"easymagic:enchanting_table","com.fuzs.easymagic.tileentity.EnchantingTableInventoryTileEntity","yes"
"eidolon:brazier_tile","elucent.eidolon.tile.BrazierTileEntity","yes"
"eidolon:crucible","elucent.eidolon.tile.CrucibleTileEntity","yes"
"eidolon:effigy","elucent.eidolon.tile.EffigyTileEntity","-"
"eidolon:goblet","elucent.eidolon.tile.GobletTileEntity","-"
"eidolon:hand_tile","elucent.eidolon.tile.HandTileEntity","-"
"eidolon:necrotic_focus","elucent.eidolon.tile.NecroticFocusTileEntity","-"
"eidolon:soul_enchanter","elucent.eidolon.tile.SoulEnchanterTileEntity","yes"
"eidolon:wooden_brewing_stand","elucent.eidolon.tile.WoodenStandTileEntity","yes"
"elevatorid:elevator_tile","xyz.vsngamer.elevatorid.tile.ElevatorTileEntity","-"
"emendatusenigmatica:enigmatic_fortunizer","com.ridanisaurus.emendatusenigmatica.tiles.EnigmaticFortunizerTile","yes"
"endergetic:bolloom_bud","com.minecraftabnormals.endergetic.common.tileentities.BolloomBudTileEntity","yes"
"endergetic:boof_block","com.minecraftabnormals.endergetic.common.tileentities.boof.BoofBlockTileEntity","yes"
"endergetic:boof_block_dispensed","com.minecraftabnormals.endergetic.common.tileentities.boof.DispensedBlockBoofTileEntity","yes"
"endergetic:corrock_crown","com.minecraftabnormals.endergetic.common.tileentities.CorrockCrownTileEntity","-"
"endergetic:ender_campfire","com.minecraftabnormals.endergetic.common.tileentities.EnderCampfireTileEntity","yes"
"endergetic:frisbloom_stem","com.minecraftabnormals.endergetic.common.tileentities.FrisbloomStemTileEntity","-"
"endergetic:puffbug_hive","com.minecraftabnormals.endergetic.common.tileentities.PuffBugHiveTileEntity","yes"
"endermail:locker","com.chaosthedude.endermail.blocks.te.LockerTileEntity","-"
"endermail:package","com.chaosthedude.endermail.blocks.te.PackageTileEntity","-"
"environmental:bird_nest","com.minecraftabnormals.environmental.common.tile.BirdNestTileEntity","yes"
"environmental:kiln","com.minecraftabnormals.environmental.common.tile.KilnTileEntity","yes"
"etched:album_jukebox","me.jaackson.etched.common.blockentity.AlbumJukeboxBlockEntity","-"
"extendedcrafting:advanced_auto_table","com.blakebr0.extendedcrafting.tileentity.AutoTableTileEntity$Advanced","yes"
"extendedcrafting:advanced_table","com.blakebr0.extendedcrafting.tileentity.AdvancedTableTileEntity","-"
"extendedcrafting:basic_auto_table","com.blakebr0.extendedcrafting.tileentity.AutoTableTileEntity$Basic","yes"
"extendedcrafting:basic_table","com.blakebr0.extendedcrafting.tileentity.BasicTableTileEntity","-"
"extendedcrafting:compressor","com.blakebr0.extendedcrafting.tileentity.CompressorTileEntity","yes"
"extendedcrafting:crafting_core","com.blakebr0.extendedcrafting.tileentity.CraftingCoreTileEntity","yes"
"extendedcrafting:elite_auto_table","com.blakebr0.extendedcrafting.tileentity.AutoTableTileEntity$Elite","yes"
"extendedcrafting:elite_table","com.blakebr0.extendedcrafting.tileentity.EliteTableTileEntity","-"
"extendedcrafting:ender_crafter","com.blakebr0.extendedcrafting.tileentity.EnderCrafterTileEntity","yes"
"extendedcrafting:pedestal","com.blakebr0.extendedcrafting.tileentity.PedestalTileEntity","-"
"extendedcrafting:ultimate_auto_table","com.blakebr0.extendedcrafting.tileentity.AutoTableTileEntity$Ultimate","yes"
"extendedcrafting:ultimate_table","com.blakebr0.extendedcrafting.tileentity.UltimateTableTileEntity","-"
"extrastorage:advanced_exporter","edivad.extrastorage.tiles.AdvancedExporterTile","-"
"extrastorage:advanced_importer","edivad.extrastorage.tiles.AdvancedImporterTile","-"
"extrastorage:block_1024k","edivad.extrastorage.tiles.AdvancedStorageBlockTile","-"
"extrastorage:block_1048576k_fluid","edivad.extrastorage.tiles.AdvancedFluidStorageBlockTile","-"
"extrastorage:block_16384k","edivad.extrastorage.tiles.AdvancedStorageBlockTile","-"
"extrastorage:block_16384k_fluid","edivad.extrastorage.tiles.AdvancedFluidStorageBlockTile","-"
"extrastorage:block_256k","edivad.extrastorage.tiles.AdvancedStorageBlockTile","-"
"extrastorage:block_262144k_fluid","edivad.extrastorage.tiles.AdvancedFluidStorageBlockTile","-"
"extrastorage:block_4096k","edivad.extrastorage.tiles.AdvancedStorageBlockTile","-"
"extrastorage:block_65536k_fluid","edivad.extrastorage.tiles.AdvancedFluidStorageBlockTile","-"
"extrastorage:diamond_crafter","edivad.extrastorage.tiles.AdvancedCrafterTile","-"
"extrastorage:gold_crafter","edivad.extrastorage.tiles.AdvancedCrafterTile","-"
"extrastorage:iron_crafter","edivad.extrastorage.tiles.AdvancedCrafterTile","-"
"extrastorage:netherite_crafter","edivad.extrastorage.tiles.AdvancedCrafterTile","-"
"farmersdelight:basket","vectorwing.farmersdelight.tile.BasketTileEntity","yes"
"farmersdelight:canvas_sign","vectorwing.farmersdelight.tile.CanvasSignTileEntity","-"
"farmersdelight:cooking_pot","vectorwing.farmersdelight.tile.CookingPotTileEntity","yes"
"farmersdelight:cutting_board","vectorwing.farmersdelight.tile.CuttingBoardTileEntity","-"
"farmersdelight:pantry","vectorwing.farmersdelight.tile.PantryTileEntity","-"
"farmersdelight:skillet","vectorwing.farmersdelight.tile.SkilletTileEntity","yes"
"farmersdelight:stove","vectorwing.farmersdelight.tile.StoveTileEntity","yes"
"flopper:flopper","org.cyclops.flopper.tileentity.TileFlopper","yes"
"framedcompactdrawers:framed_compact_drawer","eutros.framedcompactdrawers.block.tile.TileCompDrawersCustom$Slot3","-"
"framedcompactdrawers:framed_drawer_controller","eutros.framedcompactdrawers.block.tile.TileControllerCustom","-"
"framedcompactdrawers:framed_full_four","eutros.framedcompactdrawers.block.tile.TileDrawersStandardCustom$Slot4","-"
"framedcompactdrawers:framed_full_one","eutros.framedcompactdrawers.block.tile.TileDrawersStandardCustom$Slot1","-"
"framedcompactdrawers:framed_full_two","eutros.framedcompactdrawers.block.tile.TileDrawersStandardCustom$Slot2","-"
"framedcompactdrawers:framed_slave","eutros.framedcompactdrawers.block.tile.TileSlaveCustom","-"
"framedcompactdrawers:framed_trim","eutros.framedcompactdrawers.block.tile.TileTrimCustom","-"
"ftbquests:barrier","dev.ftb.mods.ftbquests.block.entity.forge.ForgeQuestBarrierBlockEntity","yes"
"ftbquests:detector","dev.ftb.mods.ftbquests.block.entity.DetectorBlockEntity","-"
"ftbquests:stage_barrier","dev.ftb.mods.ftbquests.block.entity.forge.ForgeStageBarrierBlockEntity","yes"
"immersivecooking:pantry_counter","crimson_twilight.immersive_cooking.tile.PantryCounterTileEntity","-"
"immersiveengineering:alloysmelter","blusunrize.immersiveengineering.common.blocks.stone.AlloySmelterTileEntity","yes"
"immersiveengineering:arcfurnace","blusunrize.immersiveengineering.common.blocks.metal.ArcFurnaceTileEntity","yes"
"immersiveengineering:assembler","blusunrize.immersiveengineering.common.blocks.metal.AssemblerTileEntity","yes"
"immersiveengineering:autoworkbench","blusunrize.immersiveengineering.common.blocks.metal.AutoWorkbenchTileEntity","yes"
"immersiveengineering:balloon","blusunrize.immersiveengineering.common.blocks.cloth.BalloonTileEntity","-"
"immersiveengineering:blastfurnace","blusunrize.immersiveengineering.common.blocks.stone.BlastFurnaceTileEntity","yes"
"immersiveengineering:blastfurnaceadvanced","blusunrize.immersiveengineering.common.blocks.stone.BlastFurnaceAdvancedTileEntity","yes"
"immersiveengineering:blastfurnacepreheater","blusunrize.immersiveengineering.common.blocks.metal.BlastFurnacePreheaterTileEntity","-"
"immersiveengineering:bottlingmachine","blusunrize.immersiveengineering.common.blocks.metal.BottlingMachineTileEntity","yes"
"immersiveengineering:breakerswitch","blusunrize.immersiveengineering.common.blocks.metal.BreakerSwitchTileEntity","-"
"immersiveengineering:bucketwheel","blusunrize.immersiveengineering.common.blocks.metal.BucketWheelTileEntity","yes"
"immersiveengineering:capacitorcreative","blusunrize.immersiveengineering.common.blocks.metal.CapacitorCreativeTileEntity","yes"
"immersiveengineering:capacitorhv","blusunrize.immersiveengineering.common.blocks.metal.CapacitorTileEntity","yes"
"immersiveengineering:capacitorlv","blusunrize.immersiveengineering.common.blocks.metal.CapacitorTileEntity","yes"
"immersiveengineering:capacitormv","blusunrize.immersiveengineering.common.blocks.metal.CapacitorTileEntity","yes"
"immersiveengineering:chargingstation","blusunrize.immersiveengineering.common.blocks.metal.ChargingStationTileEntity","yes"
"immersiveengineering:chute","blusunrize.immersiveengineering.common.blocks.metal.ChuteTileEntity","-"
"immersiveengineering:circuittable","blusunrize.immersiveengineering.common.blocks.wooden.CircuitTableTileEntity","-"
"immersiveengineering:cloche","blusunrize.immersiveengineering.common.blocks.metal.ClocheTileEntity","yes"
"immersiveengineering:cokeoven","blusunrize.immersiveengineering.common.blocks.stone.CokeOvenTileEntity","yes"
"immersiveengineering:connectorbundled","blusunrize.immersiveengineering.common.blocks.metal.ConnectorBundledTileEntity","yes"
"immersiveengineering:connectorprobe","blusunrize.immersiveengineering.common.blocks.metal.ConnectorProbeTileEntity","yes"
"immersiveengineering:connectorredstone","blusunrize.immersiveengineering.common.blocks.metal.ConnectorRedstoneTileEntity","yes"
"immersiveengineering:connectorstructural","blusunrize.immersiveengineering.common.blocks.metal.ConnectorStructuralTileEntity","-"
"immersiveengineering:conveyor_basic","blusunrize.immersiveengineering.common.blocks.metal.ConveyorBeltTileEntity","yes"
"immersiveengineering:conveyor_covered","blusunrize.immersiveengineering.common.blocks.metal.ConveyorBeltTileEntity","yes"
"immersiveengineering:conveyor_dropper","blusunrize.immersiveengineering.common.blocks.metal.ConveyorBeltTileEntity","yes"
"immersiveengineering:conveyor_droppercovered","blusunrize.immersiveengineering.common.blocks.metal.ConveyorBeltTileEntity","yes"
"immersiveengineering:conveyor_extract","blusunrize.immersiveengineering.common.blocks.metal.ConveyorBeltTileEntity","yes"
"immersiveengineering:conveyor_extractcovered","blusunrize.immersiveengineering.common.blocks.metal.ConveyorBeltTileEntity","yes"
"immersiveengineering:conveyor_redstone","blusunrize.immersiveengineering.common.blocks.metal.ConveyorBeltTileEntity","yes"
"immersiveengineering:conveyor_splitter","blusunrize.immersiveengineering.common.blocks.metal.ConveyorBeltTileEntity","yes"
"immersiveengineering:conveyor_splittercovered","blusunrize.immersiveengineering.common.blocks.metal.ConveyorBeltTileEntity","yes"
"immersiveengineering:conveyor_vertical","blusunrize.immersiveengineering.common.blocks.metal.ConveyorBeltTileEntity","yes"
"immersiveengineering:conveyor_verticalcovered","blusunrize.immersiveengineering.common.blocks.metal.ConveyorBeltTileEntity","yes"
"immersiveengineering:coresample","blusunrize.immersiveengineering.common.blocks.stone.CoresampleTileEntity","-"
"immersiveengineering:craftingtable","blusunrize.immersiveengineering.common.blocks.wooden.CraftingTableTileEntity","-"
"immersiveengineering:crusher","blusunrize.immersiveengineering.common.blocks.metal.CrusherTileEntity","yes"
"immersiveengineering:dieselgenerator","blusunrize.immersiveengineering.common.blocks.metal.DieselGeneratorTileEntity","yes"
"immersiveengineering:dynamo","blusunrize.immersiveengineering.common.blocks.metal.DynamoTileEntity","-"
"immersiveengineering:electriclantern","blusunrize.immersiveengineering.common.blocks.metal.ElectricLanternTileEntity","yes"
"immersiveengineering:energymeter","blusunrize.immersiveengineering.common.blocks.metal.EnergyMeterTileEntity","yes"
"immersiveengineering:excavator","blusunrize.immersiveengineering.common.blocks.metal.ExcavatorTileEntity","yes"
"immersiveengineering:fakelight","blusunrize.immersiveengineering.common.blocks.FakeLightBlock$FakeLightTileEntity","yes"
"immersiveengineering:feedthrough","blusunrize.immersiveengineering.common.blocks.metal.FeedthroughTileEntity","-"
"immersiveengineering:fermenter","blusunrize.immersiveengineering.common.blocks.metal.FermenterTileEntity","yes"
"immersiveengineering:floodlight","blusunrize.immersiveengineering.common.blocks.metal.FloodlightTileEntity","yes"
"immersiveengineering:fluidpipe","blusunrize.immersiveengineering.common.blocks.metal.FluidPipeTileEntity","-"
"immersiveengineering:fluidplacer","blusunrize.immersiveengineering.common.blocks.metal.FluidPlacerTileEntity","yes"
"immersiveengineering:fluidpump","blusunrize.immersiveengineering.common.blocks.metal.FluidPumpTileEntity","yes"
"immersiveengineering:fluidsorter","blusunrize.immersiveengineering.common.blocks.wooden.FluidSorterTileEntity","-"
"immersiveengineering:furnaceheater","blusunrize.immersiveengineering.common.blocks.metal.FurnaceHeaterTileEntity","yes"
"immersiveengineering:hv_conn","blusunrize.immersiveengineering.common.blocks.metal.EnergyConnectorTileEntity","yes"
"immersiveengineering:hv_relay","blusunrize.immersiveengineering.common.blocks.metal.EnergyConnectorTileEntity","yes"
"immersiveengineering:itembatcher","blusunrize.immersiveengineering.common.blocks.wooden.ItemBatcherTileEntity","yes"
"immersiveengineering:lightningrod","blusunrize.immersiveengineering.common.blocks.metal.LightningrodTileEntity","yes"
"immersiveengineering:logicunit","blusunrize.immersiveengineering.common.blocks.wooden.LogicUnitTileEntity","yes"
"immersiveengineering:lv_conn","blusunrize.immersiveengineering.common.blocks.metal.EnergyConnectorTileEntity","yes"
"immersiveengineering:lv_relay","blusunrize.immersiveengineering.common.blocks.metal.EnergyConnectorTileEntity","yes"
"immersiveengineering:metalbarrel","blusunrize.immersiveengineering.common.blocks.metal.MetalBarrelTileEntity","yes"
"immersiveengineering:metalpress","blusunrize.immersiveengineering.common.blocks.metal.MetalPressTileEntity","yes"
"immersiveengineering:mixer","blusunrize.immersiveengineering.common.blocks.metal.MixerTileEntity","yes"
"immersiveengineering:modworkbench","blusunrize.immersiveengineering.common.blocks.wooden.ModWorkbenchTileEntity","-"
"immersiveengineering:mv_conn","blusunrize.immersiveengineering.common.blocks.metal.EnergyConnectorTileEntity","yes"
"immersiveengineering:mv_relay","blusunrize.immersiveengineering.common.blocks.metal.EnergyConnectorTileEntity","yes"
"immersiveengineering:posttransformer","blusunrize.immersiveengineering.common.blocks.metal.PostTransformerTileEntity","-"
"immersiveengineering:razorwire","blusunrize.immersiveengineering.common.blocks.metal.RazorWireTileEntity","-"
"immersiveengineering:redstonebreaker","blusunrize.immersiveengineering.common.blocks.metal.RedstoneBreakerTileEntity","yes"
"immersiveengineering:refinery","blusunrize.immersiveengineering.common.blocks.metal.RefineryTileEntity","yes"
"immersiveengineering:sampledrill","blusunrize.immersiveengineering.common.blocks.metal.SampleDrillTileEntity","yes"
"immersiveengineering:sawmill","blusunrize.immersiveengineering.common.blocks.metal.SawmillTileEntity","yes"
"immersiveengineering:shaderbanner","blusunrize.immersiveengineering.common.blocks.cloth.ShaderBannerTileEntity","-"
"immersiveengineering:sheetmetaltank","blusunrize.immersiveengineering.common.blocks.metal.SheetmetalTankTileEntity","yes"
"immersiveengineering:silo","blusunrize.immersiveengineering.common.blocks.metal.SiloTileEntity","yes"
"immersiveengineering:sorter","blusunrize.immersiveengineering.common.blocks.wooden.SorterTileEntity","-"
"immersiveengineering:squeezer","blusunrize.immersiveengineering.common.blocks.metal.SqueezerTileEntity","yes"
"immersiveengineering:stripcurtain","blusunrize.immersiveengineering.common.blocks.cloth.StripCurtainTileEntity","yes"
"immersiveengineering:structuralarm","blusunrize.immersiveengineering.common.blocks.metal.StructuralArmTileEntity","-"
"immersiveengineering:teslacoil","blusunrize.immersiveengineering.common.blocks.metal.TeslaCoilTileEntity","yes"
"immersiveengineering:thermoelectricgen","blusunrize.immersiveengineering.common.blocks.metal.ThermoelectricGenTileEntity","yes"
"immersiveengineering:toolbox","blusunrize.immersiveengineering.common.blocks.metal.ToolboxTileEntity","-"
"immersiveengineering:transformer","blusunrize.immersiveengineering.common.blocks.metal.TransformerTileEntity","-"
"immersiveengineering:transformerhv","blusunrize.immersiveengineering.common.blocks.metal.TransformerHVTileEntity","-"
"immersiveengineering:turntable","blusunrize.immersiveengineering.common.blocks.wooden.TurntableTileEntity","-"
"immersiveengineering:turretchem","blusunrize.immersiveengineering.common.blocks.metal.TurretChemTileEntity","yes"
"immersiveengineering:turretgun","blusunrize.immersiveengineering.common.blocks.metal.TurretGunTileEntity","yes"
"immersiveengineering:watermill","blusunrize.immersiveengineering.common.blocks.wooden.WatermillTileEntity","yes"
"immersiveengineering:windmill","blusunrize.immersiveengineering.common.blocks.wooden.WindmillTileEntity","yes"
"immersiveengineering:woodenbarrel","blusunrize.immersiveengineering.common.blocks.wooden.WoodenBarrelTileEntity","yes"
"immersiveengineering:woodencrate","blusunrize.immersiveengineering.common.blocks.wooden.WoodenCrateTileEntity","-"
"immersivepetroleum:autolubricator","flaxbeard.immersivepetroleum.common.blocks.tileentities.AutoLubricatorTileEntity","yes"
"immersivepetroleum:cokerunit","flaxbeard.immersivepetroleum.common.blocks.tileentities.CokerUnitTileEntity","yes"
"immersivepetroleum:distillationtower","flaxbeard.immersivepetroleum.common.blocks.tileentities.DistillationTowerTileEntity","yes"
"immersivepetroleum:flarestack","flaxbeard.immersivepetroleum.common.blocks.tileentities.FlarestackTileEntity","yes"
"immersivepetroleum:gasgenerator","flaxbeard.immersivepetroleum.common.blocks.tileentities.GasGeneratorTileEntity","yes"
"immersivepetroleum:hydrotreater","flaxbeard.immersivepetroleum.common.blocks.tileentities.HydrotreaterTileEntity","yes"
"immersivepetroleum:pumpjack","flaxbeard.immersivepetroleum.common.blocks.tileentities.PumpjackTileEntity","yes"
"industrialforegoing:advanced_black_hole_tank","com.buuz135.industrial.block.transportstorage.tile.BlackHoleTankTile","yes"
"industrialforegoing:advanced_black_hole_unit","com.buuz135.industrial.block.transportstorage.tile.BlackHoleUnitTile","yes"
"industrialforegoing:animal_baby_separator","com.buuz135.industrial.block.agriculturehusbandry.tile.AnimalBabySeparatorTile","yes"
"industrialforegoing:animal_feeder","com.buuz135.industrial.block.agriculturehusbandry.tile.AnimalFeederTile","yes"
"industrialforegoing:animal_rancher","com.buuz135.industrial.block.agriculturehusbandry.tile.AnimalRancherTile","yes"
"industrialforegoing:biofuel_generator","com.buuz135.industrial.block.generator.tile.BiofuelGeneratorTile","yes"
"industrialforegoing:bioreactor","com.buuz135.industrial.block.generator.tile.BioReactorTile","yes"
"industrialforegoing:black_hole_controller","com.buuz135.industrial.block.transportstorage.tile.BlackHoleControllerTile","yes"
"industrialforegoing:block_breaker","com.buuz135.industrial.block.resourceproduction.tile.BlockBreakerTile","yes"
"industrialforegoing:block_placer","com.buuz135.industrial.block.resourceproduction.tile.BlockPlacerTile","yes"
"industrialforegoing:common_black_hole_tank","com.buuz135.industrial.block.transportstorage.tile.BlackHoleTankTile","yes"
"industrialforegoing:common_black_hole_unit","com.buuz135.industrial.block.transportstorage.tile.BlackHoleUnitTile","yes"
"industrialforegoing:conveyor","com.buuz135.industrial.block.transportstorage.tile.ConveyorTile","yes"
"industrialforegoing:dissolution_chamber","com.buuz135.industrial.block.core.tile.DissolutionChamberTile","yes"
"industrialforegoing:dye_mixer","com.buuz135.industrial.block.resourceproduction.tile.DyeMixerTile","yes"
"industrialforegoing:enchantment_applicator","com.buuz135.industrial.block.misc.tile.EnchantmentApplicatorTile","yes"
"industrialforegoing:enchantment_extractor","com.buuz135.industrial.block.misc.tile.EnchantmentExtractorTile","yes"
"industrialforegoing:enchantment_factory","com.buuz135.industrial.block.misc.tile.EnchantmentFactoryTile","yes"
"industrialforegoing:enchantment_sorter","com.buuz135.industrial.block.misc.tile.EnchantmentSorterTile","yes"
"industrialforegoing:fermentation_station","com.buuz135.industrial.block.resourceproduction.tile.FermentationStationTile","yes"
"industrialforegoing:fluid_collector","com.buuz135.industrial.block.resourceproduction.tile.FluidCollectorTile","yes"
"industrialforegoing:fluid_extractor","com.buuz135.industrial.block.core.tile.FluidExtractorTile","yes"
"industrialforegoing:fluid_laser_base","com.buuz135.industrial.block.resourceproduction.tile.FluidLaserBaseTile","yes"
"industrialforegoing:fluid_placer","com.buuz135.industrial.block.resourceproduction.tile.FluidPlacerTile","yes"
"industrialforegoing:fluid_sieving_machine","com.buuz135.industrial.block.resourceproduction.tile.FluidSievingMachineTile","yes"
"industrialforegoing:hydroponic_bed","com.buuz135.industrial.block.agriculturehusbandry.tile.HydroponicBedTile","yes"
"industrialforegoing:infinity_charger","com.buuz135.industrial.block.misc.tile.InfinityChargerTile","yes"
"industrialforegoing:laser_drill","com.buuz135.industrial.block.resourceproduction.tile.LaserDrillTile","yes"
"industrialforegoing:latex_processing_unit","com.buuz135.industrial.block.core.tile.LatexProcessingUnitTile","yes"
"industrialforegoing:marine_fisher","com.buuz135.industrial.block.resourceproduction.tile.MarineFisherTile","yes"
"industrialforegoing:material_stonework_factory","com.buuz135.industrial.block.resourceproduction.tile.MaterialStoneWorkFactoryTile","yes"
"industrialforegoing:mechanical_dirt","com.buuz135.industrial.block.resourceproduction.tile.MechanicalDirtTile","yes"
"industrialforegoing:mob_crusher","com.buuz135.industrial.block.agriculturehusbandry.tile.MobCrusherTile","yes"
"industrialforegoing:mob_detector","com.buuz135.industrial.block.misc.tile.MobDetectorTile","yes"
"industrialforegoing:mob_duplicator","com.buuz135.industrial.block.agriculturehusbandry.tile.MobDuplicatorTile","yes"
"industrialforegoing:mob_slaughter_factory","com.buuz135.industrial.block.agriculturehusbandry.tile.SlaughterFactoryTile","yes"
"industrialforegoing:mycelial_generator_crimed","com.buuz135.industrial.block.generator.tile.MycelialGeneratorTile","yes"
"industrialforegoing:mycelial_generator_culinary","com.buuz135.industrial.block.generator.tile.MycelialGeneratorTile","yes"
"industrialforegoing:mycelial_generator_death","com.buuz135.industrial.block.generator.tile.MycelialGeneratorTile","yes"
"industrialforegoing:mycelial_generator_disenchantment","com.buuz135.industrial.block.generator.tile.MycelialGeneratorTile","yes"
"industrialforegoing:mycelial_generator_ender","com.buuz135.industrial.block.generator.tile.MycelialGeneratorTile","yes"
"industrialforegoing:mycelial_generator_explosive","com.buuz135.industrial.block.generator.tile.MycelialGeneratorTile","yes"
"industrialforegoing:mycelial_generator_frosty","com.buuz135.industrial.block.generator.tile.MycelialGeneratorTile","yes"
"industrialforegoing:mycelial_generator_furnace","com.buuz135.industrial.block.generator.tile.MycelialGeneratorTile","yes"
"industrialforegoing:mycelial_generator_halitosis","com.buuz135.industrial.block.generator.tile.MycelialGeneratorTile","yes"
"industrialforegoing:mycelial_generator_magma","com.buuz135.industrial.block.generator.tile.MycelialGeneratorTile","yes"
"industrialforegoing:mycelial_generator_meatallurgic","com.buuz135.industrial.block.generator.tile.MycelialGeneratorTile","yes"
"industrialforegoing:mycelial_generator_netherstar","com.buuz135.industrial.block.generator.tile.MycelialGeneratorTile","yes"
"industrialforegoing:mycelial_generator_pink","com.buuz135.industrial.block.generator.tile.MycelialGeneratorTile","yes"
"industrialforegoing:mycelial_generator_potion","com.buuz135.industrial.block.generator.tile.MycelialGeneratorTile","yes"
"industrialforegoing:mycelial_generator_rocket","com.buuz135.industrial.block.generator.tile.MycelialGeneratorTile","yes"
"industrialforegoing:mycelial_generator_slimey","com.buuz135.industrial.block.generator.tile.MycelialGeneratorTile","yes"
"industrialforegoing:mycelial_reactor","com.buuz135.industrial.block.generator.tile.MycelialReactorTile","yes"
"industrialforegoing:ore_laser_base","com.buuz135.industrial.block.resourceproduction.tile.OreLaserBaseTile","yes"
"industrialforegoing:pitiful_generator","com.buuz135.industrial.block.generator.tile.PitifulGeneratorTile","yes"
"industrialforegoing:pity_black_hole_tank","com.buuz135.industrial.block.transportstorage.tile.BlackHoleTankTile","yes"
"industrialforegoing:pity_black_hole_unit","com.buuz135.industrial.block.transportstorage.tile.BlackHoleUnitTile","yes"
"industrialforegoing:plant_fertilizer","com.buuz135.industrial.block.agriculturehusbandry.tile.PlantFertilizerTile","yes"
"industrialforegoing:plant_gatherer","com.buuz135.industrial.block.agriculturehusbandry.tile.PlantGathererTile","yes"
"industrialforegoing:plant_sower","com.buuz135.industrial.block.agriculturehusbandry.tile.PlantSowerTile","yes"
"industrialforegoing:potion_brewer","com.buuz135.industrial.block.resourceproduction.tile.PotionBrewerTile","yes"
"industrialforegoing:resourceful_furnace","com.buuz135.industrial.block.resourceproduction.tile.ResourcefulFurnaceTile","yes"
"industrialforegoing:sewage_composter","com.buuz135.industrial.block.agriculturehusbandry.tile.SewageComposterTile","yes"
"industrialforegoing:sewer","com.buuz135.industrial.block.agriculturehusbandry.tile.SewerTile","yes"
"industrialforegoing:simple_black_hole_tank","com.buuz135.industrial.block.transportstorage.tile.BlackHoleTankTile","yes"
"industrialforegoing:simple_black_hole_unit","com.buuz135.industrial.block.transportstorage.tile.BlackHoleUnitTile","yes"
"industrialforegoing:sludge_refiner","com.buuz135.industrial.block.resourceproduction.tile.SludgeRefinerTile","yes"
"industrialforegoing:spores_recreator","com.buuz135.industrial.block.resourceproduction.tile.SporesRecreatorTile","yes"
"industrialforegoing:stasis_chamber","com.buuz135.industrial.block.misc.tile.StasisChamberTile","yes"
"industrialforegoing:supreme_black_hole_tank","com.buuz135.industrial.block.transportstorage.tile.BlackHoleTankTile","yes"
"industrialforegoing:supreme_black_hole_unit","com.buuz135.industrial.block.transportstorage.tile.BlackHoleUnitTile","yes"
"industrialforegoing:transporter","com.buuz135.industrial.block.transportstorage.tile.TransporterTile","yes"
"industrialforegoing:washing_factory","com.buuz135.industrial.block.resourceproduction.tile.WashingFactoryTile","yes"
"industrialforegoing:water_condensator","com.buuz135.industrial.block.resourceproduction.tile.WaterCondensatorTile","yes"
"industrialforegoing:wither_builder","com.buuz135.industrial.block.agriculturehusbandry.tile.WitherBuilderTile","yes"
"infernalexp:glow_campfire","org.infernalstudios.infernalexp.tileentities.GlowCampfireTileEntity","yes"
"infernalexp:luminous_fungus","org.infernalstudios.infernalexp.tileentities.LuminousFungusTileEntity","yes"
"integrateddynamics:coal_generator","org.cyclops.integrateddynamics.tileentity.TileCoalGenerator","yes"
"integrateddynamics:delay","org.cyclops.integrateddynamics.tileentity.TileDelay","yes"
"integrateddynamics:drying_basin","org.cyclops.integrateddynamics.tileentity.TileDryingBasin","yes"
"integrateddynamics:energy_battery","org.cyclops.integrateddynamics.tileentity.TileEnergyBattery","yes"
"integrateddynamics:materializer","org.cyclops.integrateddynamics.tileentity.TileMaterializer","yes"
"integrateddynamics:mechanical_drying_basin","org.cyclops.integrateddynamics.tileentity.TileMechanicalDryingBasin","yes"
"integrateddynamics:mechanical_squeezer","org.cyclops.integrateddynamics.tileentity.TileMechanicalSqueezer","yes"
"integrateddynamics:multipart_ticking","org.cyclops.integrateddynamics.core.tileentity.TileMultipartTicking","yes"
"integrateddynamics:proxy","org.cyclops.integrateddynamics.tileentity.TileProxy","yes"
"integrateddynamics:squeezer","org.cyclops.integrateddynamics.tileentity.TileSqueezer","yes"
"integrateddynamics:variable_store","org.cyclops.integrateddynamics.tileentity.TileVariablestore","yes"
"integratednbt:nbt_extractor","me.tepis.integratednbt.NBTExtractorTileEntity","yes"
"ironchest:copper_chest","com.progwml6.ironchest.common.block.tileentity.CopperChestTileEntity","yes"
"ironchest:crystal_chest","com.progwml6.ironchest.common.block.tileentity.CrystalChestTileEntity","yes"
"ironchest:diamond_chest","com.progwml6.ironchest.common.block.tileentity.DiamondChestTileEntity","yes"
"ironchest:dirt_chest","com.progwml6.ironchest.common.block.tileentity.DirtChestTileEntity","yes"
"ironchest:gold_chest","com.progwml6.ironchest.common.block.tileentity.GoldChestTileEntity","yes"
"ironchest:iron_chest","com.progwml6.ironchest.common.block.tileentity.IronChestTileEntity","yes"
"ironchest:obsidian_chest","com.progwml6.ironchest.common.block.tileentity.ObsidianChestTileEntity","yes"
"ironchest:silver_chest","com.progwml6.ironchest.common.block.tileentity.SilverChestTileEntity","yes"
"lootr:special_loot_barrel","noobanidus.mods.lootr.tiles.SpecialLootBarrelTile","-"
"lootr:special_loot_chest","noobanidus.mods.lootr.tiles.SpecialLootChestTile","yes"
"lootr:special_loot_inventory","noobanidus.mods.lootr.tiles.SpecialLootInventoryTile","yes"
"lootr:special_trapped_loot_chest","noobanidus.mods.lootr.tiles.SpecialTrappedLootChestTile","yes"
"mekanism:advanced_bin","mekanism.common.tile.TileEntityBin","yes"
"mekanism:advanced_bounding_block","mekanism.common.tile.TileEntityAdvancedBoundingBlock","-"
"mekanism:advanced_chemical_tank","mekanism.common.tile.TileEntityChemicalTank","yes"
"mekanism:advanced_combining_factory","mekanism.common.tile.factory.TileEntityCombiningFactory","yes"
"mekanism:advanced_compressing_factory","mekanism.common.tile.factory.TileEntityItemStackGasToItemStackFactory","yes"
"mekanism:advanced_crushing_factory","mekanism.common.tile.factory.TileEntityItemStackToItemStackFactory","yes"
"mekanism:advanced_energy_cube","mekanism.common.tile.TileEntityEnergyCube","yes"
"mekanism:advanced_enriching_factory","mekanism.common.tile.factory.TileEntityItemStackToItemStackFactory","yes"
"mekanism:advanced_fluid_tank","mekanism.common.tile.TileEntityFluidTank","yes"
"mekanism:advanced_induction_cell","mekanism.common.tile.multiblock.TileEntityInductionCell","yes"
"mekanism:advanced_induction_provider","mekanism.common.tile.multiblock.TileEntityInductionProvider","yes"
"mekanism:advanced_infusing_factory","mekanism.common.tile.factory.TileEntityMetallurgicInfuserFactory","yes"
"mekanism:advanced_injecting_factory","mekanism.common.tile.factory.TileEntityItemStackGasToItemStackFactory","yes"
"mekanism:advanced_logistical_transporter","mekanism.common.tile.transmitter.TileEntityLogisticalTransporter","yes"
"mekanism:advanced_mechanical_pipe","mekanism.common.tile.transmitter.TileEntityMechanicalPipe","yes"
"mekanism:advanced_pressurized_tube","mekanism.common.tile.transmitter.TileEntityPressurizedTube","yes"
"mekanism:advanced_purifying_factory","mekanism.common.tile.factory.TileEntityItemStackGasToItemStackFactory","yes"
"mekanism:advanced_sawing_factory","mekanism.common.tile.factory.TileEntitySawingFactory","yes"
"mekanism:advanced_smelting_factory","mekanism.common.tile.factory.TileEntityItemStackToItemStackFactory","yes"
"mekanism:advanced_thermodynamic_conductor","mekanism.common.tile.transmitter.TileEntityThermodynamicConductor","yes"
"mekanism:advanced_universal_cable","mekanism.common.tile.transmitter.TileEntityUniversalCable","yes"
"mekanism:antiprotonic_nucleosynthesizer","mekanism.common.tile.machine.TileEntityAntiprotonicNucleosynthesizer","yes"
"mekanism:basic_bin","mekanism.common.tile.TileEntityBin","yes"
"mekanism:basic_chemical_tank","mekanism.common.tile.TileEntityChemicalTank","yes"
"mekanism:basic_combining_factory","mekanism.common.tile.factory.TileEntityCombiningFactory","yes"
"mekanism:basic_compressing_factory","mekanism.common.tile.factory.TileEntityItemStackGasToItemStackFactory","yes"
"mekanism:basic_crushing_factory","mekanism.common.tile.factory.TileEntityItemStackToItemStackFactory","yes"
"mekanism:basic_energy_cube","mekanism.common.tile.TileEntityEnergyCube","yes"
"mekanism:basic_enriching_factory","mekanism.common.tile.factory.TileEntityItemStackToItemStackFactory","yes"
"mekanism:basic_fluid_tank","mekanism.common.tile.TileEntityFluidTank","yes"
"mekanism:basic_induction_cell","mekanism.common.tile.multiblock.TileEntityInductionCell","yes"
"mekanism:basic_induction_provider","mekanism.common.tile.multiblock.TileEntityInductionProvider","yes"
"mekanism:basic_infusing_factory","mekanism.common.tile.factory.TileEntityMetallurgicInfuserFactory","yes"
"mekanism:basic_injecting_factory","mekanism.common.tile.factory.TileEntityItemStackGasToItemStackFactory","yes"
"mekanism:basic_logistical_transporter","mekanism.common.tile.transmitter.TileEntityLogisticalTransporter","yes"
"mekanism:basic_mechanical_pipe","mekanism.common.tile.transmitter.TileEntityMechanicalPipe","yes"
"mekanism:basic_pressurized_tube","mekanism.common.tile.transmitter.TileEntityPressurizedTube","yes"
"mekanism:basic_purifying_factory","mekanism.common.tile.factory.TileEntityItemStackGasToItemStackFactory","yes"
"mekanism:basic_sawing_factory","mekanism.common.tile.factory.TileEntitySawingFactory","yes"
"mekanism:basic_smelting_factory","mekanism.common.tile.factory.TileEntityItemStackToItemStackFactory","yes"
"mekanism:basic_thermodynamic_conductor","mekanism.common.tile.transmitter.TileEntityThermodynamicConductor","yes"
"mekanism:basic_universal_cable","mekanism.common.tile.transmitter.TileEntityUniversalCable","yes"
"mekanism:boiler_casing","mekanism.common.tile.multiblock.TileEntityBoilerCasing","yes"
"mekanism:boiler_valve","mekanism.common.tile.multiblock.TileEntityBoilerValve","yes"
"mekanism:bounding_block","mekanism.common.tile.TileEntityBoundingBlock","-"
"mekanism:cardboard_box","mekanism.common.tile.TileEntityCardboardBox","-"
"mekanism:chargepad","mekanism.common.tile.TileEntityChargepad","yes"
"mekanism:chemical_crystallizer","mekanism.common.tile.machine.TileEntityChemicalCrystallizer","yes"
"mekanism:chemical_dissolution_chamber","mekanism.common.tile.machine.TileEntityChemicalDissolutionChamber","yes"
"mekanism:chemical_infuser","mekanism.common.tile.machine.TileEntityChemicalInfuser","yes"
"mekanism:chemical_injection_chamber","mekanism.common.tile.machine.TileEntityChemicalInjectionChamber","yes"
"mekanism:chemical_oxidizer","mekanism.common.tile.machine.TileEntityChemicalOxidizer","yes"
"mekanism:chemical_washer","mekanism.common.tile.machine.TileEntityChemicalWasher","yes"
"mekanism:combiner","mekanism.common.tile.machine.TileEntityCombiner","yes"
"mekanism:creative_bin","mekanism.common.tile.TileEntityBin","yes"
"mekanism:creative_chemical_tank","mekanism.common.tile.TileEntityChemicalTank","yes"
"mekanism:creative_energy_cube","mekanism.common.tile.TileEntityEnergyCube","yes"
"mekanism:creative_fluid_tank","mekanism.common.tile.TileEntityFluidTank","yes"
"mekanism:crusher","mekanism.common.tile.machine.TileEntityCrusher","yes"
"mekanism:digital_miner","mekanism.common.tile.machine.TileEntityDigitalMiner","yes"
"mekanism:diversion_transporter","mekanism.common.tile.transmitter.TileEntityDiversionTransporter","yes"
"mekanism:dynamic_tank","mekanism.common.tile.multiblock.TileEntityDynamicTank","yes"
"mekanism:dynamic_valve","mekanism.common.tile.multiblock.TileEntityDynamicValve","yes"
"mekanism:electric_pump","mekanism.common.tile.machine.TileEntityElectricPump","yes"
"mekanism:electrolytic_separator","mekanism.common.tile.machine.TileEntityElectrolyticSeparator","yes"
"mekanism:elite_bin","mekanism.common.tile.TileEntityBin","yes"
"mekanism:elite_chemical_tank","mekanism.common.tile.TileEntityChemicalTank","yes"
"mekanism:elite_combining_factory","mekanism.common.tile.factory.TileEntityCombiningFactory","yes"
"mekanism:elite_compressing_factory","mekanism.common.tile.factory.TileEntityItemStackGasToItemStackFactory","yes"
"mekanism:elite_crushing_factory","mekanism.common.tile.factory.TileEntityItemStackToItemStackFactory","yes"
"mekanism:elite_energy_cube","mekanism.common.tile.TileEntityEnergyCube","yes"
"mekanism:elite_enriching_factory","mekanism.common.tile.factory.TileEntityItemStackToItemStackFactory","yes"
"mekanism:elite_fluid_tank","mekanism.common.tile.TileEntityFluidTank","yes"
"mekanism:elite_induction_cell","mekanism.common.tile.multiblock.TileEntityInductionCell","yes"
"mekanism:elite_induction_provider","mekanism.common.tile.multiblock.TileEntityInductionProvider","yes"
"mekanism:elite_infusing_factory","mekanism.common.tile.factory.TileEntityMetallurgicInfuserFactory","yes"
"mekanism:elite_injecting_factory","mekanism.common.tile.factory.TileEntityItemStackGasToItemStackFactory","yes"
"mekanism:elite_logistical_transporter","mekanism.common.tile.transmitter.TileEntityLogisticalTransporter","yes"
"mekanism:elite_mechanical_pipe","mekanism.common.tile.transmitter.TileEntityMechanicalPipe","yes"
"mekanism:elite_pressurized_tube","mekanism.common.tile.transmitter.TileEntityPressurizedTube","yes"
"mekanism:elite_purifying_factory","mekanism.common.tile.factory.TileEntityItemStackGasToItemStackFactory","yes"
"mekanism:elite_sawing_factory","mekanism.common.tile.factory.TileEntitySawingFactory","yes"
"mekanism:elite_smelting_factory","mekanism.common.tile.factory.TileEntityItemStackToItemStackFactory","yes"
"mekanism:elite_thermodynamic_conductor","mekanism.common.tile.transmitter.TileEntityThermodynamicConductor","yes"
"mekanism:elite_universal_cable","mekanism.common.tile.transmitter.TileEntityUniversalCable","yes"
"mekanism:energized_smelter","mekanism.common.tile.machine.TileEntityEnergizedSmelter","yes"
"mekanism:enrichment_chamber","mekanism.common.tile.machine.TileEntityEnrichmentChamber","yes"
"mekanism:fluidic_plenisher","mekanism.common.tile.machine.TileEntityFluidicPlenisher","yes"
"mekanism:formulaic_assemblicator","mekanism.common.tile.machine.TileEntityFormulaicAssemblicator","yes"
"mekanism:fuelwood_heater","mekanism.common.tile.machine.TileEntityFuelwoodHeater","yes"
"mekanism:induction_casing","mekanism.common.tile.multiblock.TileEntityInductionCasing","yes"
"mekanism:induction_port","mekanism.common.tile.multiblock.TileEntityInductionPort","yes"
"mekanism:industrial_alarm","mekanism.common.tile.TileEntityIndustrialAlarm","yes"
"mekanism:isotopic_centrifuge","mekanism.common.tile.machine.TileEntityIsotopicCentrifuge","yes"
"mekanism:laser","mekanism.common.tile.laser.TileEntityLaser","yes"
"mekanism:laser_amplifier","mekanism.common.tile.laser.TileEntityLaserAmplifier","yes"
"mekanism:laser_tractor_beam","mekanism.common.tile.laser.TileEntityLaserTractorBeam","yes"
"mekanism:logistical_sorter","mekanism.common.tile.TileEntityLogisticalSorter","yes"
"mekanism:metallurgic_infuser","mekanism.common.tile.machine.TileEntityMetallurgicInfuser","yes"
"mekanism:modification_station","mekanism.common.tile.TileEntityModificationStation","yes"
"mekanism:nutritional_liquifier","mekanism.common.tile.machine.TileEntityNutritionalLiquifier","yes"
"mekanism:oredictionificator","mekanism.common.tile.machine.TileEntityOredictionificator","yes"
"mekanism:osmium_compressor","mekanism.common.tile.machine.TileEntityOsmiumCompressor","yes"
"mekanism:personal_chest","mekanism.common.tile.TileEntityPersonalChest","yes"
"mekanism:precision_sawmill","mekanism.common.tile.machine.TileEntityPrecisionSawmill","yes"
"mekanism:pressure_disperser","mekanism.common.tile.TileEntityPressureDisperser","yes"
"mekanism:pressurized_reaction_chamber","mekanism.common.tile.machine.TileEntityPressurizedReactionChamber","yes"
"mekanism:purification_chamber","mekanism.common.tile.machine.TileEntityPurificationChamber","yes"
"mekanism:qio_dashboard","mekanism.common.tile.qio.TileEntityQIODashboard","yes"
"mekanism:qio_drive_array","mekanism.common.tile.qio.TileEntityQIODriveArray","yes"
"mekanism:qio_exporter","mekanism.common.tile.qio.TileEntityQIOExporter","yes"
"mekanism:qio_importer","mekanism.common.tile.qio.TileEntityQIOImporter","yes"
"mekanism:qio_redstone_adapter","mekanism.common.tile.qio.TileEntityQIORedstoneAdapter","yes"
"mekanism:quantum_entangloporter","mekanism.common.tile.TileEntityQuantumEntangloporter","yes"
"mekanism:radioactive_waste_barrel","mekanism.common.tile.TileEntityRadioactiveWasteBarrel","yes"
"mekanism:resistive_heater","mekanism.common.tile.machine.TileEntityResistiveHeater","yes"
"mekanism:restrictive_transporter","mekanism.common.tile.transmitter.TileEntityRestrictiveTransporter","yes"
"mekanism:rotary_condensentrator","mekanism.common.tile.machine.TileEntityRotaryCondensentrator","yes"
"mekanism:security_desk","mekanism.common.tile.TileEntitySecurityDesk","yes"
"mekanism:seismic_vibrator","mekanism.common.tile.machine.TileEntitySeismicVibrator","yes"
"mekanism:solar_neutron_activator","mekanism.common.tile.machine.TileEntitySolarNeutronActivator","yes"
"mekanism:sps_casing","mekanism.common.tile.multiblock.TileEntitySPSCasing","yes"
"mekanism:sps_port","mekanism.common.tile.multiblock.TileEntitySPSPort","yes"
"mekanism:structural_glass","mekanism.common.tile.multiblock.TileEntityStructuralGlass","yes"
"mekanism:supercharged_coil","mekanism.common.tile.multiblock.TileEntitySuperchargedCoil","yes"
"mekanism:superheating_element","mekanism.common.tile.multiblock.TileEntitySuperheatingElement","yes"
"mekanism:teleporter","mekanism.common.tile.TileEntityTeleporter","yes"
"mekanism:thermal_evaporation_block","mekanism.common.tile.multiblock.TileEntityThermalEvaporationBlock","yes"
"mekanism:thermal_evaporation_controller","mekanism.common.tile.multiblock.TileEntityThermalEvaporationController","yes"
"mekanism:thermal_evaporation_valve","mekanism.common.tile.multiblock.TileEntityThermalEvaporationValve","yes"
"mekanism:ultimate_bin","mekanism.common.tile.TileEntityBin","yes"
"mekanism:ultimate_chemical_tank","mekanism.common.tile.TileEntityChemicalTank","yes"
"mekanism:ultimate_combining_factory","mekanism.common.tile.factory.TileEntityCombiningFactory","yes"
"mekanism:ultimate_compressing_factory","mekanism.common.tile.factory.TileEntityItemStackGasToItemStackFactory","yes"
"mekanism:ultimate_crushing_factory","mekanism.common.tile.factory.TileEntityItemStackToItemStackFactory","yes"
"mekanism:ultimate_energy_cube","mekanism.common.tile.TileEntityEnergyCube","yes"
"mekanism:ultimate_enriching_factory","mekanism.common.tile.factory.TileEntityItemStackToItemStackFactory","yes"
"mekanism:ultimate_fluid_tank","mekanism.common.tile.TileEntityFluidTank","yes"
"mekanism:ultimate_induction_cell","mekanism.common.tile.multiblock.TileEntityInductionCell","yes"
"mekanism:ultimate_induction_provider","mekanism.common.tile.multiblock.TileEntityInductionProvider","yes"
"mekanism:ultimate_infusing_factory","mekanism.common.tile.factory.TileEntityMetallurgicInfuserFactory","yes"
"mekanism:ultimate_injecting_factory","mekanism.common.tile.factory.TileEntityItemStackGasToItemStackFactory","yes"
"mekanism:ultimate_logistical_transporter","mekanism.common.tile.transmitter.TileEntityLogisticalTransporter","yes"
"mekanism:ultimate_mechanical_pipe","mekanism.common.tile.transmitter.TileEntityMechanicalPipe","yes"
"mekanism:ultimate_pressurized_tube","mekanism.common.tile.transmitter.TileEntityPressurizedTube","yes"
"mekanism:ultimate_purifying_factory","mekanism.common.tile.factory.TileEntityItemStackGasToItemStackFactory","yes"
"mekanism:ultimate_sawing_factory","mekanism.common.tile.factory.TileEntitySawingFactory","yes"
"mekanism:ultimate_smelting_factory","mekanism.common.tile.factory.TileEntityItemStackToItemStackFactory","yes"
"mekanism:ultimate_thermodynamic_conductor","mekanism.common.tile.transmitter.TileEntityThermodynamicConductor","yes"
"mekanism:ultimate_universal_cable","mekanism.common.tile.transmitter.TileEntityUniversalCable","yes"
"minecraft:banner","net.minecraft.tileentity.BannerTileEntity","-"
"minecraft:barrel","net.minecraft.tileentity.BarrelTileEntity","-"
"minecraft:beacon","net.minecraft.tileentity.BeaconTileEntity","yes"
"minecraft:bed","net.minecraft.tileentity.BedTileEntity","-"
"minecraft:beehive","net.minecraft.tileentity.BeehiveTileEntity","yes"
"minecraft:bell","net.minecraft.tileentity.BellTileEntity","yes"
"minecraft:blast_furnace","net.minecraft.tileentity.BlastFurnaceTileEntity","yes"
"minecraft:brewing_stand","net.minecraft.tileentity.BrewingStandTileEntity","yes"
"minecraft:campfire","net.minecraft.tileentity.CampfireTileEntity","yes"
"minecraft:chest","net.minecraft.tileentity.ChestTileEntity","yes"
"minecraft:command_block","net.minecraft.tileentity.CommandBlockTileEntity","-"
"minecraft:comparator","net.minecraft.tileentity.ComparatorTileEntity","-"
"minecraft:conduit","net.minecraft.tileentity.ConduitTileEntity","yes"
"minecraft:daylight_detector","net.minecraft.tileentity.DaylightDetectorTileEntity","yes"
"minecraft:dispenser","net.minecraft.tileentity.DispenserTileEntity","-"
"minecraft:dropper","net.minecraft.tileentity.DropperTileEntity","-"
"minecraft:enchanting_table","net.minecraft.tileentity.EnchantingTableTileEntity","yes"
"minecraft:end_gateway","net.minecraft.tileentity.EndGatewayTileEntity","yes"
"minecraft:end_portal","net.minecraft.tileentity.EndPortalTileEntity","-"
"minecraft:ender_chest","net.minecraft.tileentity.EnderChestTileEntity","yes"
"minecraft:furnace","net.minecraft.tileentity.FurnaceTileEntity","yes"
"minecraft:hopper","net.minecraft.tileentity.HopperTileEntity","yes"
"minecraft:jigsaw","net.minecraft.tileentity.JigsawTileEntity","-"
"minecraft:jukebox","net.minecraft.tileentity.JukeboxTileEntity","-"
"minecraft:lectern","net.minecraft.tileentity.LecternTileEntity","-"
"minecraft:mob_spawner","net.minecraft.tileentity.MobSpawnerTileEntity","yes"
"minecraft:piston","net.minecraft.tileentity.PistonTileEntity","yes"
"minecraft:shulker_box","net.minecraft.tileentity.ShulkerBoxTileEntity","yes"
"minecraft:sign","net.minecraft.tileentity.SignTileEntity","-"
"minecraft:skull","net.minecraft.tileentity.SkullTileEntity","yes"
"minecraft:smoker","net.minecraft.tileentity.SmokerTileEntity","yes"
"minecraft:structure_block","net.minecraft.tileentity.StructureBlockTileEntity","-"
"minecraft:trapped_chest","net.minecraft.tileentity.TrappedChestTileEntity","yes"
"nethers_delight:blackstone_stove","com.umpaz.nethers_delight.common.tileentities.BlackstoneStoveTileEntity","yes"
"refinedstorage:1024k_fluid_storage_block","com.refinedmods.refinedstorage.tile.FluidStorageTile","-"
"refinedstorage:16k_storage_block","com.refinedmods.refinedstorage.tile.StorageTile","-"
"refinedstorage:1k_storage_block","com.refinedmods.refinedstorage.tile.StorageTile","-"
"refinedstorage:256k_fluid_storage_block","com.refinedmods.refinedstorage.tile.FluidStorageTile","-"
"refinedstorage:4096k_fluid_storage_block","com.refinedmods.refinedstorage.tile.FluidStorageTile","-"
"refinedstorage:4k_storage_block","com.refinedmods.refinedstorage.tile.StorageTile","-"
"refinedstorage:64k_fluid_storage_block","com.refinedmods.refinedstorage.tile.FluidStorageTile","-"
"refinedstorage:64k_storage_block","com.refinedmods.refinedstorage.tile.StorageTile","-"
"refinedstorage:cable","com.refinedmods.refinedstorage.tile.CableTile","-"
"refinedstorage:constructor","com.refinedmods.refinedstorage.tile.ConstructorTile","-"
"refinedstorage:controller","com.refinedmods.refinedstorage.tile.ControllerTile","-"
"refinedstorage:crafter","com.refinedmods.refinedstorage.tile.CrafterTile","-"
"refinedstorage:crafter_manager","com.refinedmods.refinedstorage.tile.CrafterManagerTile","-"
"refinedstorage:crafting_grid","com.refinedmods.refinedstorage.tile.grid.GridTile","-"
"refinedstorage:crafting_monitor","com.refinedmods.refinedstorage.tile.craftingmonitor.CraftingMonitorTile","-"
"refinedstorage:creative_controller","com.refinedmods.refinedstorage.tile.ControllerTile","-"
"refinedstorage:creative_fluid_storage_block","com.refinedmods.refinedstorage.tile.FluidStorageTile","-"
"refinedstorage:creative_portable_grid","com.refinedmods.refinedstorage.tile.grid.portable.PortableGridTile","yes"
"refinedstorage:creative_storage_block","com.refinedmods.refinedstorage.tile.StorageTile","-"
"refinedstorage:destructor","com.refinedmods.refinedstorage.tile.DestructorTile","-"
"refinedstorage:detector","com.refinedmods.refinedstorage.tile.DetectorTile","-"
"refinedstorage:disk_drive","com.refinedmods.refinedstorage.tile.DiskDriveTile","-"
"refinedstorage:disk_manipulator","com.refinedmods.refinedstorage.tile.DiskManipulatorTile","-"
"refinedstorage:exporter","com.refinedmods.refinedstorage.tile.ExporterTile","-"
"refinedstorage:external_storage","com.refinedmods.refinedstorage.tile.ExternalStorageTile","-"
"refinedstorage:fluid_grid","com.refinedmods.refinedstorage.tile.grid.GridTile","-"
"refinedstorage:fluid_interface","com.refinedmods.refinedstorage.tile.FluidInterfaceTile","-"
"refinedstorage:grid","com.refinedmods.refinedstorage.tile.grid.GridTile","-"
"refinedstorage:importer","com.refinedmods.refinedstorage.tile.ImporterTile","-"
"refinedstorage:interface","com.refinedmods.refinedstorage.tile.InterfaceTile","-"
"refinedstorage:network_receiver","com.refinedmods.refinedstorage.tile.NetworkReceiverTile","-"
"refinedstorage:network_transmitter","com.refinedmods.refinedstorage.tile.NetworkTransmitterTile","-"
"refinedstorage:pattern_grid","com.refinedmods.refinedstorage.tile.grid.GridTile","-"
"refinedstorage:portable_grid","com.refinedmods.refinedstorage.tile.grid.portable.PortableGridTile","yes"
"refinedstorage:relay","com.refinedmods.refinedstorage.tile.RelayTile","-"
"refinedstorage:security_manager","com.refinedmods.refinedstorage.tile.SecurityManagerTile","-"
"refinedstorage:storage_monitor","com.refinedmods.refinedstorage.tile.StorageMonitorTile","-"
"refinedstorage:wireless_transmitter","com.refinedmods.refinedstorage.tile.WirelessTransmitterTile","-"
"resourcefulbees:accelerator","com.resourcefulbees.resourcefulbees.tileentity.AcceleratorTileEntity","yes"
"resourcefulbees:apiary","com.resourcefulbees.resourcefulbees.tileentity.multiblocks.apiary.ApiaryTileEntity","yes"
"resourcefulbees:apiary_breeder","com.resourcefulbees.resourcefulbees.tileentity.multiblocks.apiary.ApiaryBreederTileEntity","yes"
"resourcefulbees:apiary_storage","com.resourcefulbees.resourcefulbees.tileentity.multiblocks.apiary.ApiaryStorageTileEntity","yes"
"resourcefulbees:bottomless_honey_pot","com.resourcefulbees.resourcefulbees.tileentity.BottomlessHoneyPotTileEntity","yes"
"resourcefulbees:centrifuge","com.resourcefulbees.resourcefulbees.tileentity.CentrifugeTileEntity","yes"
"resourcefulbees:centrifuge_casing","com.resourcefulbees.resourcefulbees.tileentity.multiblocks.centrifuge.CentrifugeCasingTileEntity","-"
"resourcefulbees:centrifuge_controller","com.resourcefulbees.resourcefulbees.tileentity.multiblocks.centrifuge.CentrifugeControllerTileEntity","yes"
"resourcefulbees:creative_gen","com.resourcefulbees.resourcefulbees.tileentity.CreativeGenTileEntity","yes"
"resourcefulbees:elite_centrifuge_casing","com.resourcefulbees.resourcefulbees.tileentity.multiblocks.centrifuge.EliteCentrifugeCasingTileEntity","-"
"resourcefulbees:elite_centrifuge_controller","com.resourcefulbees.resourcefulbees.tileentity.multiblocks.centrifuge.EliteCentrifugeControllerTileEntity","yes"
"resourcefulbees:ender_beecon","com.resourcefulbees.resourcefulbees.tileentity.EnderBeeconTileEntity","yes"
"resourcefulbees:honey_congealer","com.resourcefulbees.resourcefulbees.tileentity.HoneyCongealerTileEntity","yes"
"resourcefulbees:honey_generator","com.resourcefulbees.resourcefulbees.tileentity.HoneyGeneratorTileEntity","yes"
"resourcefulbees:honey_pipe","com.resourcefulbees.resourcefulbees.tileentity.HoneyPipeTileEntity","yes"
"resourcefulbees:honey_tank","com.resourcefulbees.resourcefulbees.tileentity.HoneyTankTileEntity","yes"
"resourcefulbees:mechanical_centrifuge","com.resourcefulbees.resourcefulbees.tileentity.MechanicalCentrifugeTileEntity","yes"
"resourcefulbees:tiered_beehive","com.resourcefulbees.resourcefulbees.tileentity.TieredBeehiveTileEntity","yes"
"sereneseasons:season_sensor","sereneseasons.tileentity.SeasonSensorTileEntity","yes"
"silentgear:material_grader","net.silentchaos512.gear.block.grader.GraderTileEntity","yes"
"silentgear:metal_alloyer","net.silentchaos512.gear.block.compounder.CompounderTileEntity","yes"
"silentgear:metal_press","net.silentchaos512.gear.block.press.MetalPressTileEntity","yes"
"silentgear:recrystallizer","net.silentchaos512.gear.block.compounder.CompounderTileEntity","yes"
"silentgear:refabricator","net.silentchaos512.gear.block.compounder.CompounderTileEntity","yes"
"silentgear:salvager","net.silentchaos512.gear.block.salvager.SalvagerTileEntity","yes"
"silentgear:starlight_charger","net.silentchaos512.gear.block.charger.ChargerTileEntity","yes"
"silentgems:luminous_flower_pot","net.silentchaos512.gems.block.flowerpot.LuminousFlowerPotTileEntity","yes"
"silentgems:pedestal","net.silentchaos512.gems.block.pedestal.PedestalTileEntity","yes"
"silentgems:phantom_light","net.silentchaos512.gems.block.flowerpot.PhantomLightTileEntity","yes"
"silentgems:purifier","net.silentchaos512.gems.block.purifier.PurifierTileEntity","yes"
"silentgems:soul_urn","net.silentchaos512.gems.block.urn.SoulUrnTileEntity","yes"
"silentgems:supercharger","net.silentchaos512.gems.block.supercharger.SuperchargerTileEntity","yes"
"silentgems:teleporter","net.silentchaos512.gems.block.teleporter.GemTeleporterTileEntity","-"
"silentgems:token_enchanter","net.silentchaos512.gems.block.tokenenchanter.TokenEnchanterTileEntity","yes"
"silentgems:transmutation_altar","net.silentchaos512.gems.block.altar.AltarTileEntity","yes"
"snowrealmagic:snow","snownee.snow.block.SnowTile","-"
"snowrealmagic:texture_tile","snownee.snow.block.SnowTextureTile","-"
"storagedrawers:controller","com.jaquadro.minecraft.storagedrawers.block.tile.TileEntityController","-"
"storagedrawers:controller_slave","com.jaquadro.minecraft.storagedrawers.block.tile.TileEntitySlave","-"
"storagedrawers:fractional_drawers_3","com.jaquadro.minecraft.storagedrawers.block.tile.TileEntityDrawersComp$Slot3","-"
"storagedrawers:standard_drawers_1","com.jaquadro.minecraft.storagedrawers.block.tile.TileEntityDrawersStandard$Slot1","-"
"storagedrawers:standard_drawers_2","com.jaquadro.minecraft.storagedrawers.block.tile.TileEntityDrawersStandard$Slot2","-"
"storagedrawers:standard_drawers_4","com.jaquadro.minecraft.storagedrawers.block.tile.TileEntityDrawersStandard$Slot4","-"
"supplementaries:bamboo_spikes","net.mehvahdjukaar.supplementaries.block.tiles.BambooSpikesBlockTile","-"
"supplementaries:bellows","net.mehvahdjukaar.supplementaries.block.tiles.BellowsBlockTile","yes"
"supplementaries:blackboard","net.mehvahdjukaar.supplementaries.block.tiles.BlackboardBlockTile","-"
"supplementaries:block_generator","net.mehvahdjukaar.supplementaries.block.tiles.BlockGeneratorBlockTile","yes"
"supplementaries:book_pile","net.mehvahdjukaar.supplementaries.block.tiles.BookPileBlockTile","-"
"supplementaries:cage","net.mehvahdjukaar.supplementaries.block.tiles.CageBlockTile","yes"
"supplementaries:ceiling_banner","net.mehvahdjukaar.supplementaries.block.tiles.CeilingBannerBlockTile","-"
"supplementaries:clock_block","net.mehvahdjukaar.supplementaries.block.tiles.ClockBlockTile","yes"
"supplementaries:copper_lantern","net.mehvahdjukaar.supplementaries.block.tiles.OilLanternBlockTile","yes"
"supplementaries:cracked_bell","net.mehvahdjukaar.supplementaries.block.tiles.CrackedBellBlockTile","yes"
"supplementaries:crimson_lantern","net.mehvahdjukaar.supplementaries.block.tiles.OilLanternBlockTile","yes"
"supplementaries:doormat","net.mehvahdjukaar.supplementaries.block.tiles.DoormatBlockTile","-"
"supplementaries:faucet","net.mehvahdjukaar.supplementaries.block.tiles.FaucetBlockTile","yes"
"supplementaries:firefly_jar","net.mehvahdjukaar.supplementaries.block.tiles.FireflyJarBlockTile","yes"
"supplementaries:flag","net.mehvahdjukaar.supplementaries.block.tiles.FlagBlockTile","-"
"supplementaries:flower_box","net.mehvahdjukaar.supplementaries.block.tiles.FlowerBoxBlockTile","-"
"supplementaries:globe","net.mehvahdjukaar.supplementaries.block.tiles.GlobeBlockTile","yes"
"supplementaries:goblet","net.mehvahdjukaar.supplementaries.block.tiles.GobletBlockTile","-"
"supplementaries:hanging_flower_pot","net.mehvahdjukaar.supplementaries.block.tiles.HangingFlowerPotBlockTile","yes"
"supplementaries:hanging_sign_oak","net.mehvahdjukaar.supplementaries.block.tiles.HangingSignBlockTile","yes"
"supplementaries:hourglass","net.mehvahdjukaar.supplementaries.block.tiles.HourGlassBlockTile","yes"
"supplementaries:item_shelf","net.mehvahdjukaar.supplementaries.block.tiles.ItemShelfBlockTile","-"
"supplementaries:jar","net.mehvahdjukaar.supplementaries.block.tiles.JarBlockTile","yes"
"supplementaries:jar_boat","net.mehvahdjukaar.supplementaries.block.tiles.JarBoatTile","-"
"supplementaries:key_lockable_tile","net.mehvahdjukaar.supplementaries.block.tiles.KeyLockableTile","-"
"supplementaries:laser_block","net.mehvahdjukaar.supplementaries.block.tiles.LaserBlockTile","yes"
"supplementaries:notice_board","net.mehvahdjukaar.supplementaries.block.tiles.NoticeBoardBlockTile","-"
"supplementaries:pedestal","net.mehvahdjukaar.supplementaries.block.tiles.PedestalBlockTile","yes"
"supplementaries:present","net.mehvahdjukaar.supplementaries.block.tiles.PresentBlockTile","-"
"supplementaries:pulley_block","net.mehvahdjukaar.supplementaries.block.tiles.PulleyBlockTile","-"
"supplementaries:rope_knot","net.mehvahdjukaar.supplementaries.block.tiles.RopeKnotBlockTile","-"
"supplementaries:sack","net.mehvahdjukaar.supplementaries.block.tiles.SackBlockTile","-"
"supplementaries:safe","net.mehvahdjukaar.supplementaries.block.tiles.SafeBlockTile","-"
"supplementaries:sign_post","net.mehvahdjukaar.supplementaries.block.tiles.SignPostBlockTile","-"
"supplementaries:speaker_block","net.mehvahdjukaar.supplementaries.block.tiles.SpeakerBlockTile","-"
"supplementaries:spring_launcher_arm","net.mehvahdjukaar.supplementaries.block.tiles.PistonLauncherArmBlockTile","yes"
"supplementaries:statue","net.mehvahdjukaar.supplementaries.block.tiles.StatueBlockTile","-"
"supplementaries:structure_temp","net.mehvahdjukaar.supplementaries.block.tiles.StructureTempBlockTile","yes"
"supplementaries:timber_frame","net.mehvahdjukaar.supplementaries.block.tiles.FrameBlockTile","-"
"supplementaries:turn_table","net.mehvahdjukaar.supplementaries.block.tiles.TurnTableBlockTile","yes"
"supplementaries:wall_lantern","net.mehvahdjukaar.supplementaries.block.tiles.WallLanternBlockTile","yes"
"supplementaries:wind_vane","net.mehvahdjukaar.supplementaries.block.tiles.WindVaneBlockTile","yes"
"the_afterlight:ritual_altar","theafterlight.block.RitualAltarBlock$CustomTileEntity","-"
"thermal:charge_bench","cofh.thermal.core.tileentity.workbench.ChargeBenchTile","yes"
"thermal:device_collector","cofh.thermal.core.tileentity.device.DeviceCollectorTile","yes"
"thermal:device_fisher","cofh.thermal.core.tileentity.device.DeviceFisherTile","yes"
"thermal:device_hive_extractor","cofh.thermal.core.tileentity.device.DeviceHiveExtractorTile","-"
"thermal:device_nullifier","cofh.thermal.core.tileentity.device.DeviceNullifierTile","-"
"thermal:device_potion_diffuser","cofh.thermal.core.tileentity.device.DevicePotionDiffuserTile","yes"
"thermal:device_rock_gen","cofh.thermal.core.tileentity.device.DeviceRockGenTile","yes"
"thermal:device_soil_infuser","cofh.thermal.core.tileentity.device.DeviceSoilInfuserTile","yes"
"thermal:device_tree_extractor","cofh.thermal.core.tileentity.device.DeviceTreeExtractorTile","yes"
"thermal:device_water_gen","cofh.thermal.core.tileentity.device.DeviceWaterGenTile","yes"
"thermal:energy_cell","cofh.thermal.core.tileentity.storage.EnergyCellTile","yes"
"thermal:fluid_cell","cofh.thermal.core.tileentity.storage.FluidCellTile","yes"
"thermal:tinker_bench","cofh.thermal.core.tileentity.workbench.TinkerBenchTile","yes"
"upgrade_aquatic:bedroll","com.minecraftabnormals.upgrade_aquatic.common.tileentities.BedrollTileEntity","-"
"upgrade_aquatic:elder_eye","com.minecraftabnormals.upgrade_aquatic.common.tileentities.ElderEyeTileEntity","yes"
"valhelsia_structures:dungeon_door","com.stal111.valhelsia_structures.tileentity.DungeonDoorTileEntity","yes"
"valhelsia_structures:jar","com.stal111.valhelsia_structures.tileentity.JarTileEntity","-"
"valhelsia_structures:special_spawner","com.stal111.valhelsia_structures.tileentity.SpecialMobSpawnerTileEntity","yes"
"vampirism:alchemical_cauldron","de.teamlapen.vampirism.tileentity.AlchemicalCauldronTileEntity","yes"
"vampirism:altar_infusion","de.teamlapen.vampirism.tileentity.AltarInfusionTileEntity","yes"
"vampirism:altar_inspiration","de.teamlapen.vampirism.tileentity.AltarInspirationTileEntity","yes"
"vampirism:blood_container","de.teamlapen.vampirism.tileentity.BloodContainerTileEntity","-"
"vampirism:blood_pedestal","de.teamlapen.vampirism.tileentity.PedestalTileEntity","yes"
"vampirism:coffin","de.teamlapen.vampirism.tileentity.CoffinTileEntity","yes"
"vampirism:garlic_beacon","de.teamlapen.vampirism.tileentity.GarlicBeaconTileEntity","yes"
"vampirism:grinder","de.teamlapen.vampirism.tileentity.BloodGrinderTileEntity","yes"
"vampirism:potion_table","de.teamlapen.vampirism.tileentity.PotionTableTileEntity","yes"
"vampirism:sieve","de.teamlapen.vampirism.tileentity.SieveTileEntity","yes"
"vampirism:sunscreen_beacon","de.teamlapen.vampirism.tileentity.SunscreenBeaconTileEntity","yes"
"vampirism:tent","de.teamlapen.vampirism.tileentity.TentTileEntity","yes"
"vampirism:totem","de.teamlapen.vampirism.tileentity.TotemTileEntity","yes"
"waystones:portstone","net.blay09.mods.waystones.tileentity.PortstoneTileEntity","-"
"waystones:sharestone","net.blay09.mods.waystones.tileentity.SharestoneTileEntity","-"
"waystones:warp_plate","net.blay09.mods.waystones.tileentity.WarpPlateTileEntity","yes"
"waystones:waystone","net.blay09.mods.waystones.tileentity.WaystoneTileEntity","-"
"whisperwoods:ghost_light_tile","dev.itsmeow.whisperwoods.tileentity.TileEntityGhostLight","-"
"whisperwoods:hand_of_fate","dev.itsmeow.whisperwoods.tileentity.TileEntityHandOfFate","yes"
"whisperwoods:head","dev.itsmeow.whisperwoods.imdlib.tileentity.TileEntityHead","-"
"whisperwoods:hirschgeist_skull","dev.itsmeow.whisperwoods.tileentity.TileEntityHGSkull","-"
"wormhole:advanced_energy_cell_tile","com.supermartijn642.wormhole.energycell.EnergyCellTile$AdvancedEnergyCellTile","yes"
"wormhole:advanced_target_cell_tile","com.supermartijn642.wormhole.targetcell.TargetCellTile$AdvancedTargetCellTile","yes"
"wormhole:basic_energy_cell_tile","com.supermartijn642.wormhole.energycell.EnergyCellTile$BasicEnergyCellTile","yes"
"wormhole:basic_target_cell_tile","com.supermartijn642.wormhole.targetcell.TargetCellTile$BasicTargetCellTile","yes"
"wormhole:coal_generator_tile","com.supermartijn642.wormhole.generator.CoalGeneratorTile","yes"
"wormhole:creative_energy_cell_tile","com.supermartijn642.wormhole.energycell.EnergyCellTile$CreativeEnergyCellTile","yes"
"wormhole:portal_frame_tile","com.supermartijn642.wormhole.portal.PortalGroupTile","yes"
"wormhole:portal_tile","com.supermartijn642.wormhole.PortalTile","yes"
"wormhole:stabilizer_tile","com.supermartijn642.wormhole.StabilizerTile","yes"
