"Registry name","Profession","Level","Buy 1","Buy 2","Sell"
"advancedperipherals:computer_scientist","advancedperipherals:computer_scientist","","","",""
"","","1","","",""
"","","","Emerald","","Peripheral Casing"
"","","","Emerald","","Chat box"
"","","","Emerald","","Computer"
"","","","Peripheral Casing","","Emerald"
"","","2","","",""
"","","","Emerald","","Inventory Manager"
"","","","Emerald","","Redstone Integrator"
"","","","Emerald","","Advanced Computer"
"","","","Emerald","","Monitor"
"","","3","","",""
"","","","Emerald","","Environment Turtle"
"","","","Emerald","","Player Pocket Computer"
"","","","Chunk Controller","","Emerald"
"","","","Emerald","","Computer Tool"
"","","","Emerald","","Advanced Monitor"
"","","4","","",""
"","","","Emerald","","Energy Detector"
"","","","Advanced Computer","","Emerald"
"","","","Emerald","","Memory Card"
"","","","Printed Page","","Emerald"
"","","","Emerald","","Advanced Chunky Turtle"
"","","5","","",""
"","","","Emerald","","AR Controller"
"","","","Emerald","","AR Goggles"
"","","","Ender Modem","","Emerald"
"buzzier_bees:apiarist","apiarist","","","",""
"","","1","","",""
"","","","Campfire","","Emerald"
"","","","Emerald","","Glass Bottle"
"","","","Emerald","","Shears"
"","","2","","",""
"","","","Honey Bottle","","Emerald"
"","","","Emerald","","Candle"
"","","","Emerald","","White Candle"
"","","","Emerald","","Orange Candle"
"","","","Emerald","","Magenta Candle"
"","","","Emerald","","Light Blue Candle"
"","","","Emerald","","Yellow Candle"
"","","","Emerald","","Lime Candle"
"","","","Emerald","","Pink Candle"
"","","","Emerald","","Gray Candle"
"","","","Emerald","","Light Gray Candle"
"","","","Emerald","","Cyan Candle"
"","","","Emerald","","Purple Candle"
"","","","Emerald","","Blue Candle"
"","","","Emerald","","Brown Candle"
"","","","Emerald","","Green Candle"
"","","","Emerald","","Red Candle"
"","","","Emerald","","Black Candle"
"","","3","","",""
"","","","Sunflower","","Emerald"
"","","","Lilac","","Emerald"
"","","","Peony","","Emerald"
"","","","Rose Bush","","Emerald"
"","","","Blue Hydrangea","","Emerald"
"","","","Goldenrod","","Emerald"
"","","","Foxglove","","Emerald"
"","","","Delphinium","","Emerald"
"","","","Japanese Orchid","","Emerald"
"","","","Azalea","","Emerald"
"","","","Tall Allium","","Emerald"
"","","","Tall Pink Allium","","Emerald"
"","","","Bird of Paradise","","Emerald"
"","","","Blue Delphinium","","Emerald"
"","","","Pink Delphinium","","Emerald"
"","","","White Delphinium","","Emerald"
"","","","Purple Delphinium","","Emerald"
"","","","Flowering Rush","","Emerald"
"","","","Tall Marigold","","Emerald"
"","","4","","",""
"","","","Emerald","","Bee Nest"
"","","","Emerald","","Honey Wand"
"","","","Emerald","","Four Leaf Clover"
"","","5","","",""
"","","","Emerald","","Bottle of Bee"
"environmental:carpenter","environmental:carpenter","","","",""
"","","1","","",""
"","","","Oak Planks","","Emerald"
"","","","Spruce Planks","","Emerald"
"","","","Birch Planks","","Emerald"
"","","","Jungle Planks","","Emerald"
"","","","Acacia Planks","","Emerald"
"","","","Dark Oak Planks","","Emerald"
"","","","Mossy Glowshroom Planks","","Emerald"
"","","","Lacugrove Planks","","Emerald"
"","","","End Lotus Planks","","Emerald"
"","","","Pythadendron Planks","","Emerald"
"","","","Dragon Tree Planks","","Emerald"
"","","","Tenanea Planks","","Emerald"
"","","","Helix Tree Planks","","Emerald"
"","","","Umbrella Tree Planks","","Emerald"
"","","","Jellyshroom Planks","","Emerald"
"","","","Lucernia Planks","","Emerald"
"","","","Fir Planks","","Emerald"
"","","","Redwood Planks","","Emerald"
"","","","Cherry Planks","","Emerald"
"","","","Mahogany Planks","","Emerald"
"","","","Jacaranda Planks","","Emerald"
"","","","Palm Planks","","Emerald"
"","","","Willow Planks","","Emerald"
"","","","Dead Planks","","Emerald"
"","","","Magic Planks","","Emerald"
"","","","Umbran Planks","","Emerald"
"","","","Hellbark Planks","","Emerald"
"","","","Netherwood Planks","","Emerald"
"","","","Oak Tile","","Emerald"
"","","","Spruce Tile","","Emerald"
"","","","Birch Tile","","Emerald"
"","","","Jungle Tile","","Emerald"
"","","","Acacia Tile","","Emerald"
"","","","Dark Oak Tile","","Emerald"
"","","","Reinforced Oak Planks","","Emerald"
"","","","Reinforced Spruce Planks","","Emerald"
"","","","Reinforced Birch Planks","","Emerald"
"","","","Reinforced Jungle Planks","","Emerald"
"","","","Reinforced Acacia Planks","","Emerald"
"","","","Reinforced Dark Oak Planks","","Emerald"
"","","","Menril Planks","","Emerald"
"","","","Baobab Planks","","Emerald"
"","","","Blue Enchanted Planks","","Emerald"
"","","","Cherry Planks","","Emerald"
"","","","Cika Planks","","Emerald"
"","","","Cypress Planks","","Emerald"
"","","","Ebony Planks","","Emerald"
"","","","Fir Planks","","Emerald"
"","","","Green Enchanted Planks","","Emerald"
"","","","Holly Planks","","Emerald"
"","","","Jacaranda Planks","","Emerald"
"","","","Mahogany Planks","","Emerald"
"","","","Mangrove Planks","","Emerald"
"","","","Maple Planks","","Emerald"
"","","","Pine Planks","","Emerald"
"","","","Rainbow Eucalyptus Planks","","Emerald"
"","","","Redwood Planks","","Emerald"
"","","","Skyris Planks","","Emerald"
"","","","Willow Planks","","Emerald"
"","","","Witch Hazel Planks","","Emerald"
"","","","Zelkova Planks","","Emerald"
"","","","Sythian Planks","","Emerald"
"","","","Embur Planks","","Emerald"
"","","","Palm Planks","","Emerald"
"","","","Lament Planks","","Emerald"
"","","","Ether Planks","","Emerald"
"","","","Bulbis Planks","","Emerald"
"","","","Nightshade Planks","","Emerald"
"","","","Imparius Planks","","Emerald"
"","","","Polished Wood Planks","","Emerald"
"","","","Oak Planks","","Emerald"
"","","","Oak Planks","","Emerald"
"","","","Oak Planks","","Emerald"
"","","","Oak Planks","","Emerald"
"","","","Oak Planks","","Emerald"
"","","","Oak Planks","","Emerald"
"","","","Oak Planks","","Emerald"
"","","","Oak Planks","","Emerald"
"","","","Oak Planks","","Emerald"
"","","","Oak Planks","","Emerald"
"","","","Oak Planks","","Emerald"
"","","","Oak Planks","","Emerald"
"","","","Oak Planks","","Emerald"
"","","","Oak Planks","","Emerald"
"","","","Oak Planks","","Emerald"
"","","","Oak Planks","","Emerald"
"","","","Oak Planks","","Emerald"
"","","","Oak Planks","","Emerald"
"","","","Birch Planks","","Emerald"
"","","","Birch Planks","","Emerald"
"","","","Birch Planks","","Emerald"
"","","","Birch Planks","","Emerald"
"","","","Birch Planks","","Emerald"
"","","","Birch Planks","","Emerald"
"","","","Birch Planks","","Emerald"
"","","","Birch Planks","","Emerald"
"","","","Birch Planks","","Emerald"
"","","","Birch Planks","","Emerald"
"","","","Birch Planks","","Emerald"
"","","","Birch Planks","","Emerald"
"","","","Birch Planks","","Emerald"
"","","","Birch Planks","","Emerald"
"","","","Birch Planks","","Emerald"
"","","","Birch Planks","","Emerald"
"","","","Birch Planks","","Emerald"
"","","","Birch Planks","","Emerald"
"","","","Spruce Planks","","Emerald"
"","","","Spruce Planks","","Emerald"
"","","","Spruce Planks","","Emerald"
"","","","Spruce Planks","","Emerald"
"","","","Spruce Planks","","Emerald"
"","","","Spruce Planks","","Emerald"
"","","","Spruce Planks","","Emerald"
"","","","Spruce Planks","","Emerald"
"","","","Spruce Planks","","Emerald"
"","","","Spruce Planks","","Emerald"
"","","","Spruce Planks","","Emerald"
"","","","Spruce Planks","","Emerald"
"","","","Spruce Planks","","Emerald"
"","","","Spruce Planks","","Emerald"
"","","","Spruce Planks","","Emerald"
"","","","Spruce Planks","","Emerald"
"","","","Spruce Planks","","Emerald"
"","","","Spruce Planks","","Emerald"
"","","","Jungle Planks","","Emerald"
"","","","Jungle Planks","","Emerald"
"","","","Jungle Planks","","Emerald"
"","","","Jungle Planks","","Emerald"
"","","","Jungle Planks","","Emerald"
"","","","Jungle Planks","","Emerald"
"","","","Jungle Planks","","Emerald"
"","","","Jungle Planks","","Emerald"
"","","","Jungle Planks","","Emerald"
"","","","Jungle Planks","","Emerald"
"","","","Jungle Planks","","Emerald"
"","","","Jungle Planks","","Emerald"
"","","","Jungle Planks","","Emerald"
"","","","Jungle Planks","","Emerald"
"","","","Jungle Planks","","Emerald"
"","","","Jungle Planks","","Emerald"
"","","","Jungle Planks","","Emerald"
"","","","Jungle Planks","","Emerald"
"","","","Acacia Planks","","Emerald"
"","","","Acacia Planks","","Emerald"
"","","","Acacia Planks","","Emerald"
"","","","Acacia Planks","","Emerald"
"","","","Acacia Planks","","Emerald"
"","","","Acacia Planks","","Emerald"
"","","","Acacia Planks","","Emerald"
"","","","Acacia Planks","","Emerald"
"","","","Acacia Planks","","Emerald"
"","","","Acacia Planks","","Emerald"
"","","","Acacia Planks","","Emerald"
"","","","Acacia Planks","","Emerald"
"","","","Acacia Planks","","Emerald"
"","","","Acacia Planks","","Emerald"
"","","","Acacia Planks","","Emerald"
"","","","Acacia Planks","","Emerald"
"","","","Acacia Planks","","Emerald"
"","","","Acacia Planks","","Emerald"
"","","","Dark Oak Planks","","Emerald"
"","","","Dark Oak Planks","","Emerald"
"","","","Dark Oak Planks","","Emerald"
"","","","Dark Oak Planks","","Emerald"
"","","","Dark Oak Planks","","Emerald"
"","","","Dark Oak Planks","","Emerald"
"","","","Dark Oak Planks","","Emerald"
"","","","Dark Oak Planks","","Emerald"
"","","","Dark Oak Planks","","Emerald"
"","","","Dark Oak Planks","","Emerald"
"","","","Dark Oak Planks","","Emerald"
"","","","Dark Oak Planks","","Emerald"
"","","","Dark Oak Planks","","Emerald"
"","","","Dark Oak Planks","","Emerald"
"","","","Dark Oak Planks","","Emerald"
"","","","Dark Oak Planks","","Emerald"
"","","","Dark Oak Planks","","Emerald"
"","","","Dark Oak Planks","","Emerald"
"","","","Archwood Planks","","Emerald"
"","","","Willow Planks","","Emerald"
"","","","Cherry Planks","","Emerald"
"","","","Wisteria Planks","","Emerald"
"","","","Bamboo Planks","","Emerald"
"","","","Driftwood Planks","","Emerald"
"","","","River Planks","","Emerald"
"","","","Maple Planks","","Emerald"
"","","","Fir Planks","","Emerald"
"","","","Jacaranda Planks","","Emerald"
"","","","Redbud Planks","","Emerald"
"","","","Dark Oak Log","","Emerald"
"","","","Oak Log","","Emerald"
"","","","Withering Oak Log","","Emerald"
"","","","Acacia Log","","Emerald"
"","","","Birch Log","","Emerald"
"","","","Jungle Log","","Emerald"
"","","","Spruce Log","","Emerald"
"","","","Bloody Spruce Log","","Emerald"
"","","","Mossy Glowshroom Log","","Emerald"
"","","","Mossy Glowshroom Bark","","Emerald"
"","","","Lacugrove Log","","Emerald"
"","","","Lacugrove Bark","","Emerald"
"","","","End Lotus Log","","Emerald"
"","","","End Lotus Bark","","Emerald"
"","","","Pythadendron Log","","Emerald"
"","","","Pythadendron Bark","","Emerald"
"","","","Dragon Tree Log","","Emerald"
"","","","Dragon Tree Bark","","Emerald"
"","","","Tenanea Log","","Emerald"
"","","","Tenanea Bark","","Emerald"
"","","","Helix Tree Log","","Emerald"
"","","","Helix Tree Bark","","Emerald"
"","","","Umbrella Tree Log","","Emerald"
"","","","Umbrella Tree Bark","","Emerald"
"","","","Jellyshroom Log","","Emerald"
"","","","Jellyshroom Bark","","Emerald"
"","","","Lucernia Log","","Emerald"
"","","","Lucernia Bark","","Emerald"
"","","","Fir Log","","Emerald"
"","","","Redwood Log","","Emerald"
"","","","Cherry Log","","Emerald"
"","","","Mahogany Log","","Emerald"
"","","","Jacaranda Log","","Emerald"
"","","","Palm Log","","Emerald"
"","","","Willow Log","","Emerald"
"","","","Dead Log","","Emerald"
"","","","Magic Log","","Emerald"
"","","","Umbran Log","","Emerald"
"","","","Menril Log","","Emerald"
"","","","Enriched Menril Log","","Emerald"
"","","","Baobab Log","","Emerald"
"","","","Blue Enchanted Log","","Emerald"
"","","","Cherry Log","","Emerald"
"","","","Cika Log","","Emerald"
"","","","Cypress Log","","Emerald"
"","","","Ebony Log","","Emerald"
"","","","Fir Log","","Emerald"
"","","","Green Enchanted Log","","Emerald"
"","","","Holly Log","","Emerald"
"","","","Jacaranda Log","","Emerald"
"","","","Mahogany Log","","Emerald"
"","","","Mangrove Log","","Emerald"
"","","","Maple Log","","Emerald"
"","","","Palo Verde Log","","Emerald"
"","","","Pine Log","","Emerald"
"","","","Rainbow Eucalyptus Log","","Emerald"
"","","","Redwood Log","","Emerald"
"","","","Skyris Log","","Emerald"
"","","","Willow Log","","Emerald"
"","","","Witch Hazel Log","","Emerald"
"","","","Zelkova Log","","Emerald"
"","","","Palm Log","","Emerald"
"","","","Bulbis Stem","","Emerald"
"","","","Ether Log","","Emerald"
"","","","Nightshade Log","","Emerald"
"","","","Imparius Stem","","Emerald"
"","","","Imparius Hyphae","","Emerald"
"","","","Fungal Imparius Stem","","Emerald"
"","","","Fungal Imparius Hyphae","","Emerald"
"","","","Cascading Archwood Log","","Emerald"
"","","","Blazing Archwood Log","","Emerald"
"","","","Flourishing Archwood Log","","Emerald"
"","","","Vexing Archwood Log","","Emerald"
"","","","Willow Log","","Emerald"
"","","","Cherry Log","","Emerald"
"","","","Wisteria Log","","Emerald"
"","","","Driftwood Log","","Emerald"
"","","","Driftwood","","Emerald"
"","","","River Log","","Emerald"
"","","","Maple Log","","Emerald"
"","","","Sappy Maple Log","","Emerald"
"","","","Fir Log","","Emerald"
"","","","Jacaranda Log","","Emerald"
"","","","Redbud Log","","Emerald"
"","","","Flowering Redbud Log","","Emerald"
"","","","Hellbark Log","","Emerald"
"","","","Netherwood","","Emerald"
"","","","Sythian Stem","","Emerald"
"","","","Sythian Hyphae","","Emerald"
"","","","Embur Pedu","","Emerald"
"","","","Embur Hyphae","","Emerald"
"","","","Lament Log","","Emerald"
"","","","Imbued Nightshade Log","","Emerald"
"","","2","","",""
"","","","Emerald","","Oak Sign"
"","","","Emerald","","Spruce Sign"
"","","","Emerald","","Birch Sign"
"","","","Emerald","","Acacia Sign"
"","","","Emerald","","Jungle Sign"
"","","","Emerald","","Dark Oak Sign"
"","","","Emerald","","Mossy Glowshroom Sign"
"","","","Emerald","","Lacugrove Sign"
"","","","Emerald","","End Lotus Sign"
"","","","Emerald","","Pythadendron Sign"
"","","","Emerald","","Dragon Tree Sign"
"","","","Emerald","","Tenanea Sign"
"","","","Emerald","","Helix Tree Sign"
"","","","Emerald","","Umbrella Tree Sign"
"","","","Emerald","","Jellyshroom Sign"
"","","","Emerald","","Lucernia Sign"
"","","","Emerald","","Willow Sign"
"","","","Emerald","","Cherry Sign"
"","","","Emerald","","Wisteria Sign"
"","","","Emerald","","Bamboo Sign"
"","","","Emerald","","Driftwood Sign"
"","","","Emerald","","River Sign"
"","","","Emerald","","Maple Sign"
"","","","Emerald","","Jacaranda Sign"
"","","","Emerald","","Redbud Sign"
"","","","Emerald","","Acacia Trapdoor"
"","","","Emerald","","Birch Trapdoor"
"","","","Emerald","","Dark Oak Trapdoor"
"","","","Emerald","","Jungle Trapdoor"
"","","","Emerald","","Oak Trapdoor"
"","","","Emerald","","Spruce Trapdoor"
"","","","Emerald","","Mossy Glowshroom Trapdoor"
"","","","Emerald","","Lacugrove Trapdoor"
"","","","Emerald","","End Lotus Trapdoor"
"","","","Emerald","","Pythadendron Trapdoor"
"","","","Emerald","","Dragon Tree Trapdoor"
"","","","Emerald","","Tenanea Trapdoor"
"","","","Emerald","","Helix Tree Trapdoor"
"","","","Emerald","","Umbrella Tree Trapdoor"
"","","","Emerald","","Jellyshroom Trapdoor"
"","","","Emerald","","Lucernia Trapdoor"
"","","","Emerald","","Fir Trapdoor"
"","","","Emerald","","Redwood Trapdoor"
"","","","Emerald","","Cherry Trapdoor"
"","","","Emerald","","Mahogany Trapdoor"
"","","","Emerald","","Jacaranda Trapdoor"
"","","","Emerald","","Palm Trapdoor"
"","","","Emerald","","Willow Trapdoor"
"","","","Emerald","","Dead Trapdoor"
"","","","Emerald","","Magic Trapdoor"
"","","","Emerald","","Umbran Trapdoor"
"","","","Emerald","","Hellbark Trapdoor"
"","","","Emerald","","Netherwood Trapdoor"
"","","","Emerald","","Baobab Trapdoor"
"","","","Emerald","","Blue Enchanted Trapdoor"
"","","","Emerald","","Cherry Trapdoor"
"","","","Emerald","","Cika Trapdoor"
"","","","Emerald","","Cypress Trapdoor"
"","","","Emerald","","Ebony Trapdoor"
"","","","Emerald","","Fir Trapdoor"
"","","","Emerald","","Green Enchanted Trapdoor"
"","","","Emerald","","Holly Trapdoor"
"","","","Emerald","","Jacaranda Trapdoor"
"","","","Emerald","","Mahogany Trapdoor"
"","","","Emerald","","Mangrove Trapdoor"
"","","","Emerald","","Maple Trapdoor"
"","","","Emerald","","Pine Trapdoor"
"","","","Emerald","","Rainbow Eucalyptus Trapdoor"
"","","","Emerald","","Redwood Trapdoor"
"","","","Emerald","","Skyris Trapdoor"
"","","","Emerald","","Willow Trapdoor"
"","","","Emerald","","Witch Hazel Trapdoor"
"","","","Emerald","","Zelkova Trapdoor"
"","","","Emerald","","Sythian Trapdoor"
"","","","Emerald","","Embur Trapdoor"
"","","","Emerald","","Palm Trapdoor"
"","","","Emerald","","Lament Trapdoor"
"","","","Emerald","","Ether Trapdoor"
"","","","Emerald","","Bulbis Trapdoor"
"","","","Emerald","","Nightshade Trapdoor"
"","","","Emerald","","Imparius Trapdoor"
"","","","Emerald","","Archwood Trapdoor"
"","","","Emerald","","Willow Trapdoor"
"","","","Emerald","","Cherry Trapdoor"
"","","","Emerald","","Wisteria Trapdoor"
"","","","Emerald","","Bamboo Trapdoor"
"","","","Emerald","","Driftwood Trapdoor"
"","","","Emerald","","River Trapdoor"
"","","","Emerald","","Maple Trapdoor"
"","","","Emerald","","Fir Trapdoor"
"","","","Emerald","","Jacaranda Trapdoor"
"","","","Emerald","","Redbud Trapdoor"
"","","3","","",""
"","","","Oak Sapling","","Emerald"
"","","","Spruce Sapling","","Emerald"
"","","","Birch Sapling","","Emerald"
"","","","Jungle Sapling","","Emerald"
"","","","Acacia Sapling","","Emerald"
"","","","Dark Oak Sapling","","Emerald"
"","","","Mossy Glowshroom Sapling","","Emerald"
"","","","Lacugrove Sapling","","Emerald"
"","","","Pythadendron Sapling","","Emerald"
"","","","Dragon Tree Sapling","","Emerald"
"","","","Tenanea Sapling","","Emerald"
"","","","Helix Tree Sapling","","Emerald"
"","","","Umbrella Tree Sapling","","Emerald"
"","","","Lucernia Sapling","","Emerald"
"","","","Origin Sapling","","Emerald"
"","","","Flowering Oak Sapling","","Emerald"
"","","","Rainbow Birch Sapling","","Emerald"
"","","","Yellow Autumn Sapling","","Emerald"
"","","","Orange Autumn Sapling","","Emerald"
"","","","Maple Sapling","","Emerald"
"","","","Fir Sapling","","Emerald"
"","","","Redwood Sapling","","Emerald"
"","","","White Cherry Sapling","","Emerald"
"","","","Pink Cherry Sapling","","Emerald"
"","","","Mahogany Sapling","","Emerald"
"","","","Jacaranda Sapling","","Emerald"
"","","","Palm Sapling","","Emerald"
"","","","Willow Sapling","","Emerald"
"","","","Dead Sapling","","Emerald"
"","","","Magic Sapling","","Emerald"
"","","","Umbran Sapling","","Emerald"
"","","","Hellbark Sapling","","Emerald"
"","","","Netherwood Sapling","","Emerald"
"","","","Menril Sapling","","Emerald"
"","","","Hydralux Sapling","","Emerald"
"","","","Almond Sapling","","Emerald"
"","","","Apple Sapling","","Emerald"
"","","","Apricot Sapling","","Emerald"
"","","","Avocado Sapling","","Emerald"
"","","","Banana Sapling","","Emerald"
"","","","Cashew Sapling","","Emerald"
"","","","Cherry Sapling","","Emerald"
"","","","Coconut Sapling","","Emerald"
"","","","Date Sapling","","Emerald"
"","","","Dragon Fruit Sapling","","Emerald"
"","","","Fig Sapling","","Emerald"
"","","","Grapefruit Sapling","","Emerald"
"","","","Kumquat Sapling","","Emerald"
"","","","Lemon Sapling","","Emerald"
"","","","Lime Sapling","","Emerald"
"","","","Mango Sapling","","Emerald"
"","","","Nectarine Sapling","","Emerald"
"","","","Nutmeg Sapling","","Emerald"
"","","","Orange Sapling","","Emerald"
"","","","Peach Sapling","","Emerald"
"","","","Pear Sapling","","Emerald"
"","","","Pecan Sapling","","Emerald"
"","","","Persimmon Sapling","","Emerald"
"","","","Plum Sapling","","Emerald"
"","","","Star Fruit Sapling","","Emerald"
"","","","Walnut Sapling","","Emerald"
"","","","Baobab Sapling","","Emerald"
"","","","Blue Enchanted Sapling","","Emerald"
"","","","Blue Spruce Sapling","","Emerald"
"","","","Brown Birch Sapling","","Emerald"
"","","","Brown Oak Sapling","","Emerald"
"","","","Cika Sapling","","Emerald"
"","","","Cypress Sapling","","Emerald"
"","","","Ebony Sapling","","Emerald"
"","","","Fir Sapling","","Emerald"
"","","","Green Enchanted Sapling","","Emerald"
"","","","Holly Sapling","","Emerald"
"","","","Jacaranda Sapling","","Emerald"
"","","","Indigo Jacaranda Sapling","","Emerald"
"","","","Mahogany Sapling","","Emerald"
"","","","Mangrove Sapling","","Emerald"
"","","","Maple Sapling","","Emerald"
"","","","Orange Birch Sapling","","Emerald"
"","","","Orange Oak Sapling","","Emerald"
"","","","Orange Spruce Sapling","","Emerald"
"","","","Orchard Sapling","","Emerald"
"","","","Palo Verde Sapling","","Emerald"
"","","","Joshua Sapling","","Emerald"
"","","","Yellow Spruce Sapling","","Emerald"
"","","","Pine Sapling","","Emerald"
"","","","Pink Cherry Sapling","","Emerald"
"","","","Rainbow Eucalyptus Sapling","","Emerald"
"","","","Red Birch Sapling","","Emerald"
"","","","Red Maple Sapling","","Emerald"
"","","","Red Oak Sapling","","Emerald"
"","","","Red Spruce Sapling","","Emerald"
"","","","Redwood Sapling","","Emerald"
"","","","Silver Maple Sapling","","Emerald"
"","","","White Cherry Sapling","","Emerald"
"","","","Willow Sapling","","Emerald"
"","","","Witch Hazel Sapling","","Emerald"
"","","","Yellow Birch Sapling","","Emerald"
"","","","Zelkova Sapling","","Emerald"
"","","","Skyris Sapling","","Emerald"
"","","","Palm Sapling","","Emerald"
"","","","Araucaria Sapling","","Emerald"
"","","","Brown Zelkova Sapling","","Emerald"
"","","","Lament Sapling","","Emerald"
"","","","Withering Oak Sapling","","Emerald"
"","","","Ether Sapling","","Emerald"
"","","","Nightshade Sapling","","Emerald"
"","","","Bloody Spruce Sapling","","Emerald"
"","","","Cascading Archwood Sapling","","Emerald"
"","","","Blazing Archwood Sapling","","Emerald"
"","","","Flourishing Archwood Sapling","","Emerald"
"","","","Vexing Archwood Sapling","","Emerald"
"","","","Willow Sapling","","Emerald"
"","","","Cherry Sapling","","Emerald"
"","","","Pink Wisteria Sapling","","Emerald"
"","","","Blue Wisteria Sapling","","Emerald"
"","","","White Wisteria Sapling","","Emerald"
"","","","Purple Wisteria Sapling","","Emerald"
"","","","River Sapling","","Emerald"
"","","","Maple Sapling","","Emerald"
"","","","Red Maple Sapling","","Emerald"
"","","","Orange Maple Sapling","","Emerald"
"","","","Yellow Maple Sapling","","Emerald"
"","","","Flowering Oak Sapling","","Emerald"
"","","","Brown Autumnal Sapling","","Emerald"
"","","","Red Autumnal Sapling","","Emerald"
"","","","Yellow Autumnal Sapling","","Emerald"
"","","","Orange Autumnal Sapling","","Emerald"
"","","","Fir Sapling","","Emerald"
"","","","Jacaranda Sapling","","Emerald"
"","","","Redbud Sapling","","Emerald"
"","","","Flowering Redbud Sapling","","Emerald"
"","","","Emerald","","Oak Door"
"","","","Emerald","","Spruce Door"
"","","","Emerald","","Birch Door"
"","","","Emerald","","Jungle Door"
"","","","Emerald","","Acacia Door"
"","","","Emerald","","Dark Oak Door"
"","","","Emerald","","Mossy Glowshroom Door"
"","","","Emerald","","Lacugrove Door"
"","","","Emerald","","End Lotus Door"
"","","","Emerald","","Pythadendron Door"
"","","","Emerald","","Dragon Tree Door"
"","","","Emerald","","Tenanea Door"
"","","","Emerald","","Helix Tree Door"
"","","","Emerald","","Umbrella Tree Door"
"","","","Emerald","","Jellyshroom Door"
"","","","Emerald","","Lucernia Door"
"","","","Emerald","","Fir Door"
"","","","Emerald","","Redwood Door"
"","","","Emerald","","Cherry Door"
"","","","Emerald","","Mahogany Door"
"","","","Emerald","","Jacaranda Door"
"","","","Emerald","","Palm Door"
"","","","Emerald","","Willow Door"
"","","","Emerald","","Dead Door"
"","","","Emerald","","Magic Door"
"","","","Emerald","","Umbran Door"
"","","","Emerald","","Hellbark Door"
"","","","Emerald","","Netherwood Door"
"","","","Emerald","","Menril Door"
"","","","Emerald","","Baobab Door"
"","","","Emerald","","Blue Enchanted Door"
"","","","Emerald","","Cherry Door"
"","","","Emerald","","Cika Door"
"","","","Emerald","","Cypress Door"
"","","","Emerald","","Ebony Door"
"","","","Emerald","","Fir Door"
"","","","Emerald","","Green Enchanted Door"
"","","","Emerald","","Holly Door"
"","","","Emerald","","Jacaranda Door"
"","","","Emerald","","Mahogany Door"
"","","","Emerald","","Mangrove Door"
"","","","Emerald","","Maple Door"
"","","","Emerald","","Pine Door"
"","","","Emerald","","Rainbow Eucalyptus Door"
"","","","Emerald","","Redwood Door"
"","","","Emerald","","Skyris Door"
"","","","Emerald","","Willow Door"
"","","","Emerald","","Witch Hazel Door"
"","","","Emerald","","Zelkova Door"
"","","","Emerald","","Sythian Door"
"","","","Emerald","","Embur Door"
"","","","Emerald","","Palm Door"
"","","","Emerald","","Lament Door"
"","","","Emerald","","Ether Door"
"","","","Emerald","","Bulbis Door"
"","","","Emerald","","Nightshade Door"
"","","","Emerald","","Imparius Door"
"","","","Emerald","","Archwood Door"
"","","","Emerald","","Willow Door"
"","","","Emerald","","Cherry Door"
"","","","Emerald","","Wisteria Door"
"","","","Emerald","","Bamboo Door"
"","","","Emerald","","Driftwood Door"
"","","","Emerald","","River Door"
"","","","Emerald","","Maple Door"
"","","","Emerald","","Fir Door"
"","","","Emerald","","Jacaranda Door"
"","","","Emerald","","Redbud Door"
"","","4","","",""
"","","","Stick","","Emerald"
"","","","Iron Axe","","Emerald"
"","","","Golden Axe","","Emerald"
"","","5","","",""
"environmental:ceramist","environmental:ceramist","","","",""
"","","1","","",""
"","","","Mud Ball","","Emerald"
"","","","Emerald","","Mud Brick"
"","","2","","",""
"","","","Emerald","","Flower Pot"
"","","","Emerald","","Slabfish Effigy"
"","","","Emerald","","Chiseled Bricks"
"","","","Emerald","","Honey Pot"
"","","3","","",""
"","","","White Terracotta","","Emerald"
"","","","Orange Terracotta","","Emerald"
"","","","Magenta Terracotta","","Emerald"
"","","","Light Blue Terracotta","","Emerald"
"","","","Yellow Terracotta","","Emerald"
"","","","Lime Terracotta","","Emerald"
"","","","Pink Terracotta","","Emerald"
"","","","Gray Terracotta","","Emerald"
"","","","Light Gray Terracotta","","Emerald"
"","","","Cyan Terracotta","","Emerald"
"","","","Purple Terracotta","","Emerald"
"","","","Blue Terracotta","","Emerald"
"","","","Brown Terracotta","","Emerald"
"","","","Green Terracotta","","Emerald"
"","","","Red Terracotta","","Emerald"
"","","","Black Terracotta","","Emerald"
"","","","White Glazed Terracotta","","Emerald"
"","","","Orange Glazed Terracotta","","Emerald"
"","","","Magenta Glazed Terracotta","","Emerald"
"","","","Light Blue Glazed Terracotta","","Emerald"
"","","","Yellow Glazed Terracotta","","Emerald"
"","","","Lime Glazed Terracotta","","Emerald"
"","","","Pink Glazed Terracotta","","Emerald"
"","","","Gray Glazed Terracotta","","Emerald"
"","","","Light Gray Glazed Terracotta","","Emerald"
"","","","Cyan Glazed Terracotta","","Emerald"
"","","","Purple Glazed Terracotta","","Emerald"
"","","","Blue Glazed Terracotta","","Emerald"
"","","","Brown Glazed Terracotta","","Emerald"
"","","","Green Glazed Terracotta","","Emerald"
"","","","Red Glazed Terracotta","","Emerald"
"","","","Black Glazed Terracotta","","Emerald"
"","","4","","",""
"","","","Emerald","","White Terracotta Bricks"
"","","","Emerald","","Orange Terracotta Bricks"
"","","","Emerald","","Magenta Terracotta Bricks"
"","","","Emerald","","Light Blue Terracotta Bricks"
"","","","Emerald","","Yellow Terracotta Bricks"
"","","","Emerald","","Lime Terracotta Bricks"
"","","","Emerald","","Pink Terracotta Bricks"
"","","","Emerald","","Gray Terracotta Bricks"
"","","","Emerald","","Light Gray Terracotta Bricks"
"","","","Emerald","","Cyan Terracotta Bricks"
"","","","Emerald","","Purple Terracotta Bricks"
"","","","Emerald","","Blue Terracotta Bricks"
"","","","Emerald","","Brown Terracotta Bricks"
"","","","Emerald","","Green Terracotta Bricks"
"","","","Emerald","","Red Terracotta Bricks"
"","","","Emerald","","Black Terracotta Bricks"
"","","","Emerald","","Chiseled White Terracotta Bricks"
"","","","Emerald","","Chiseled Orange Terracotta Bricks"
"","","","Emerald","","Chiseled Magenta Terracotta Bricks"
"","","","Emerald","","Chiseled Light Blue Terracotta Bricks"
"","","","Emerald","","Chiseled Yellow Terracotta Bricks"
"","","","Emerald","","Chiseled Lime Terracotta Bricks"
"","","","Emerald","","Chiseled Pink Terracotta Bricks"
"","","","Emerald","","Chiseled Gray Terracotta Bricks"
"","","","Emerald","","Chiseled Light Gray Terracotta Bricks"
"","","","Emerald","","Chiseled Cyan Terracotta Bricks"
"","","","Emerald","","Chiseled Purple Terracotta Bricks"
"","","","Emerald","","Chiseled Blue Terracotta Bricks"
"","","","Emerald","","Chiseled Brown Terracotta Bricks"
"","","","Emerald","","Chiseled Green Terracotta Bricks"
"","","","Emerald","","Chiseled Red Terracotta Bricks"
"","","","Emerald","","Chiseled Black Terracotta Bricks"
"","","5","","",""
"","","","Emerald","","Architect's Belt"
"","","","Emerald","","Architect's Belt"
"etched:bard","etched:bard","","","",""
"","","1","","",""
"","","","Music Disc","","Emerald"
"","","","Note Block","","Emerald"
"","","","Emerald","","Note Block"
"","","","Emerald","","Music Label"
"","","2","","",""
"","","","Emerald","","Blank Music Disc"
"","","","Emerald","","Etching Table"
"","","3","","",""
"","","","Emerald","","Jukebox"
"","","","Music Disc","","Emerald"
"","","4","","",""
"","","","Music Disc","","Emerald"
"","","","Music Disc","","Emerald"
"","","","Music Disc","","Emerald"
"","","","Music Disc","","Emerald"
"","","","Music Disc","","Emerald"
"","","","Music Disc","","Emerald"
"","","","Music Disc","","Emerald"
"","","","Music Disc","","Emerald"
"","","","Music Disc","","Emerald"
"","","","Music Disc","","Emerald"
"","","","Music Disc","","Emerald"
"","","","Music Disc","","Emerald"
"","","","Music Disc","","Emerald"
"","","","Etched Music Disc","","Emerald"
"","","","Music Disc","","Emerald"
"","","","Music Disc","","Emerald"
"","","","Music Disc","","Emerald"
"","","","Music Disc","","Emerald"
"","","","Music Disc","","Emerald"
"","","","Music Disc","","Emerald"
"","","","Jukebox","","Emerald"
"","","","Minecart with Jukebox","","Emerald"
"","","","Emerald","","Album Jukebox"
"","","5","","",""
"","","","Blank Music Disc","","Emerald"
"","","","Music Label","","Emerald"
"","","","Etching Table","","Emerald"
"immersiveengineering:electrician","immersiveengineering:electrician","","","",""
"","","1","","",""
"","","","Copper Wire","","Emerald"
"","","","Emerald","","Engineer's Wire Cutters"
"","","","Emerald","","LV Wire Coil"
"","","2","","",""
"","","","Electrum Wire","","Emerald"
"","","","Emerald","","Engineer's Voltmeter"
"","","","Emerald","","MV Wire Coil"
"","","","Emerald","","Faraday Boots"
"","","","Emerald","","Faraday Leggings"
"","","3","","",""
"","","","Aluminium Wire","","Emerald"
"","","","Emerald","","HV Wire Coil"
"","","","Emerald","","Faraday Chestplate"
"","","","Emerald","","Faraday Helmet"
"","","4","","",""
"","","","Emerald","","Fluorescent Tube"
"","","","Emerald","","Amplifier Electron Tubes"
"","","5","","",""
"","","","Emerald","","Advanced Heatsinks"
"immersiveengineering:engineer","immersiveengineering:engineer","","","",""
"","","1","","",""
"","","","Treated Stick","","Emerald"
"","","","Emerald","","Treated Wood Planks"
"","","","Emerald","","Balloon"
"","","2","","",""
"","","","Iron Rod","","Emerald"
"","","","Emerald","","Steel Scaffolding"
"","","","Emerald","","Aluminium Scaffolding"
"","","3","","",""
"","","","Steel Rod","","Emerald"
"","","","Slag","","Emerald"
"","","","Emerald","","Concrete"
"","","4","","",""
"","","","Emerald","Steel Ingot","Mineral Deposit Map"
"","","5","","",""
"immersiveengineering:gunsmith","immersiveengineering:gunsmith","","","",""
"","","1","","",""
"","","","Empty Casing","","Emerald"
"","","","Empty Shell","","Emerald"
"","","","Emerald","","Wooden Grip"
"","","2","","",""
"","","","Emerald","","Engineer's Blueprint"
"","","","Emerald","","Casull Cartridge"
"","","","Emerald","","Buckshot Cartridge"
"","","","Emerald","","Whisper Inauspicious Revolver Drum"
"","","3","","",""
"","","","Emerald","","Fortunate Revolver Drum"
"","","","Emerald","","Flare Cartridge"
"","","","Emerald","","Engineer's Blueprint"
"","","4","","",""
"","","","Emerald","","Selfrepeating Tough Revolver Drum"
"","","","Emerald","","Silver Cartridge"
"","","","Emerald","","High-Explosive Cartridge"
"","","5","","",""
"","","","Emerald","","Silenced Inauspicious Revolver Barrel"
"","","","Emerald","","Autococking Tough Revolver Drum"
"","","","Emerald","","Autococking Inauspicious Revolver Barrel"
"immersiveengineering:machinist","immersiveengineering:machinist","","","",""
"","","1","","",""
"","","","Coal Coke","","Emerald"
"","","","Emerald","","Engineer's Hammer"
"","","2","","",""
"","","","Copper Ingot","","Emerald"
"","","","Aluminium Ingot","","Emerald"
"","","","Emerald","","Steel Mechanical Component"
"","","3","","",""
"","","","Emerald","","Engineer's Toolbox"
"","","","Emerald","","Waterwheel Segment"
"","","4","","",""
"","","","Emerald","","Iron Drill Head"
"","","","Emerald","","Ear Defenders"
"","","5","","",""
"","","","Emerald","","Steel Drill Head"
"","","","Emerald","","Engineer's Blueprint"
"immersiveengineering:outfitter","immersiveengineering:outfitter","","","",""
"","","1","","",""
"","","","Emerald","","Common Shader Grabbag"
"","","2","","",""
"","","","Emerald","","Uncommon Shader Grabbag"
"","","3","","",""
"","","","Emerald","","Rare Shader Grabbag"
"","","4","","",""
"","","5","","",""
"jellyfishing:frycook","frycook","","","",""
"","","1","","",""
"","","","Jellyfish Jelly","","Emerald"
"","","","Blue Jellyfish Jelly","","Emerald"
"","","","Seanut Butter","","Emerald"
"","","","Seanut","","Emerald"
"","","2","","",""
"","","","Jellyfish","","Emerald"
"","","","Blue Jellyfish","","Emerald"
"","","3","","",""
"","","","Emerald","","Roasted Seanut"
"","","","Emerald","","Jellyfish Jelly Sandwich"
"","","","Emerald","","Blue Jellyfish Jelly Sandwich"
"","","4","","",""
"","","","Emerald","","Triple Gooberberry Sunrise"
"","","","Emerald","","Seanut Butter and Jellyfish Jelly Sandwich"
"","","","Emerald","","Seanut Butter and Blue Jellyfish Jelly Sandwich"
"","","","Emerald","","Seanut Brittle"
"","","","Emerald","","Kelp Shake"
"","","5","","",""
"","","","Wad of Grease","","Emerald"
"","","","Emerald","","Krabby Patty"
"","","","Emerald","","Karate Glove"
"minecraft:armorer","armorer","","","",""
"","","1","","",""
"","","","Coal","","Emerald"
"","","","Emerald","","Iron Leggings"
"","","","Emerald","","Iron Boots"
"","","","Emerald","","Iron Helmet"
"","","","Emerald","","Iron Chestplate"
"","","","Emerald","","Kelp Mustache"
"","","2","","",""
"","","","Iron Ingot","","Emerald"
"","","","Emerald","","Bell"
"","","","Emerald","","Chainmail Boots"
"","","","Emerald","","Chainmail Leggings"
"","","3","","",""
"","","","Lava Bucket","","Emerald"
"","","","Diamond","","Emerald"
"","","","Emerald","","Chainmail Helmet"
"","","","Emerald","","Chainmail Chestplate"
"","","","Emerald","","Shield"
"","","4","","",""
"","","","Emerald","","Diamond Leggings"
"","","","Emerald","","Diamond Boots"
"","","5","","",""
"","","","Emerald","","Diamond Helmet"
"","","","Emerald","","Diamond Chestplate"
"minecraft:butcher","butcher","","","",""
"","","1","","",""
"","","","Raw Chicken","","Emerald"
"","","","Raw Porkchop","","Emerald"
"","","","Raw Rabbit","","Emerald"
"","","","Emerald","","Rabbit Stew"
"","","","Raw Duck","","Emerald"
"","","2","","",""
"","","","Coal","","Emerald"
"","","","Emerald","","Cooked Porkchop"
"","","","Emerald","","Cooked Chicken"
"","","","Raw Squid","","Emerald"
"","","","Emerald","","Cooked Duck"
"","","3","","",""
"","","","Raw Mutton","","Emerald"
"","","","Raw Beef","","Emerald"
"","","","Raw Wolf","","Emerald"
"","","","Raw Fox","","Emerald"
"","","","Raw Venison","","Emerald"
"","","","Emerald","","Cooked Venison"
"","","","Raw Turkey","","Emerald"
"","","4","","",""
"","","","Dried Kelp Block","","Emerald"
"","","","Emerald","","Meatloaf"
"","","","Emerald","","Meatball"
"","","","Emerald","","Hot Chicken Wing"
"","","5","","",""
"","","","Sweet Berries","","Emerald"
"","","","Raw Horse","","Emerald"
"","","","Raw Llama","","Emerald"
"","","","Raw Bear","","Emerald"
"","","","Emerald","","Krabby Patty"
"minecraft:cartographer","cartographer","","","",""
"","","1","","",""
"","","","Paper","","Emerald"
"","","","Emerald","","Empty Map"
"","","","Emerald","Compass","Spawner Dungeon Explorer Map"
"","","2","","",""
"","","","Glass Pane","","Emerald"
"","","skipping","map trade","lvl: 2","id: 1"
"","","","Emerald","Compass","Adventurer Map"
"","","","Emerald","Compass","Castle Explorer Map"
"","","3","","",""
"","","","Compass","","Emerald"
"","","skipping","map trade","lvl: 3","id: 1"
"","","skipping","map trade","lvl: 3","id: 2"
"","","4","","",""
"","","","Emerald","","Item Frame"
"","","","Emerald","","White Banner"
"","","","Emerald","","Blue Banner"
"","","","Emerald","","Light Blue Banner"
"","","","Emerald","","Red Banner"
"","","","Emerald","","Pink Banner"
"","","","Emerald","","Green Banner"
"","","","Emerald","","Lime Banner"
"","","","Emerald","","Gray Banner"
"","","","Emerald","","Black Banner"
"","","","Emerald","","Purple Banner"
"","","","Emerald","","Magenta Banner"
"","","","Emerald","","Cyan Banner"
"","","","Emerald","","Brown Banner"
"","","","Emerald","","Yellow Banner"
"","","","Emerald","","Orange Banner"
"","","","Emerald","","Light Gray Banner"
"","","skipping","map trade","lvl: 4","id: 17"
"","","skipping","map trade","lvl: 4","id: 18"
"","","skipping","map trade","lvl: 4","id: 19"
"","","skipping","map trade","lvl: 4","id: 20"
"","","skipping","map trade","lvl: 4","id: 21"
"","","skipping","map trade","lvl: 4","id: 22"
"","","skipping","map trade","lvl: 4","id: 23"
"","","skipping","map trade","lvl: 4","id: 24"
"","","5","","",""
"","","","Emerald","","Banner Pattern"
"minecraft:cleric","cleric","","","",""
"","","1","","",""
"","","","Rotten Flesh","","Emerald"
"","","","Emerald","","Redstone Dust"
"","","2","","",""
"","","","Gold Ingot","","Emerald"
"","","","Emerald","","Lapis Lazuli"
"","","","Jellyfish Jelly","","Emerald"
"","","","Blue Jellyfish Jelly","","Emerald"
"","","3","","",""
"","","","Rabbit's Foot","","Emerald"
"","","","Emerald","","Glowstone"
"","","","Seanut Butter","","Emerald"
"","","4","","",""
"","","","Scute","","Emerald"
"","","","Glass Bottle","","Emerald"
"","","","Emerald","","Ender Pearl"
"","","","Emerald","","Kelp Shake"
"","","","Emerald","","Triple Gooberberry Sunrise"
"","","","Thrasher Tooth","","Emerald"
"","","5","","",""
"","","","Nether Wart","","Emerald"
"","","","Emerald","","Bottle o' Enchanting"
"minecraft:farmer","farmer","","","",""
"","","1","","",""
"","","","Wheat","","Emerald"
"","","","Potato","","Emerald"
"","","","Carrot","","Emerald"
"","","","Beetroot","","Emerald"
"","","","Emerald","","Bread"
"","","","Barley","","Emerald"
"","","","Corn","","Emerald"
"","","","Onion","","Emerald"
"","","","Radish","","Emerald"
"","","","Rice","","Emerald"
"","","","Sadiroot","","Emerald"
"","","","Spinach","","Emerald"
"","","","Bell Pepper","","Emerald"
"","","","Eggplant","","Emerald"
"","","","Green Bean","","Emerald"
"","","","Peanut","","Emerald"
"","","","Strawberry","","Emerald"
"","","","Tomato","","Emerald"
"","","","Onion","","Emerald"
"","","","Tomato","","Emerald"
"","","","Lavender","","Emerald"
"","","2","","",""
"","","","Pumpkin","","Emerald"
"","","","Emerald","","Pumpkin Pie"
"","","","Emerald","","Apple"
"","","","Seanut","","Emerald"
"","","","Emerald","","Barley Seeds"
"","","","Emerald","","Corn Seeds"
"","","","Emerald","","Flax Seeds"
"","","","Emerald","","Onion Seeds"
"","","","Emerald","","Radish Seeds"
"","","","Emerald","","Rice Seeds"
"","","","Emerald","","Sadiroot Seeds"
"","","","Emerald","","Spinach Seeds"
"","","","Emerald","","Bell Pepper Seeds"
"","","","Emerald","","Eggplant Seeds"
"","","","Emerald","","Green Bean Seeds"
"","","","Emerald","","Peanut Seeds"
"","","","Emerald","","Strawberry Seeds"
"","","","Emerald","","Tomato Seeds"
"","","","Cabbage","","Emerald"
"","","","Rice","","Emerald"
"","","","Emerald","","Cherries"
"","","","Emerald","","Apple Pie"
"","","","Emerald","","Cherry Pie"
"","","","Emerald","","Foul Berries"
"","","","Emerald","","Mulberry"
"","","","Emerald","","Cheese"
"","","","Emerald","","Apple Pie"
"","","","Emerald","","Beetroot Pie"
"","","","Emerald","","Berry Pie"
"","","3","","",""
"","","","Emerald","","Cookie"
"","","","Melon","","Emerald"
"","","","Flax Seeds","","Emerald"
"","","","Frost Melon","","Emerald"
"","","","Emerald","","Berry Cookie"
"","","4","","",""
"","","","Emerald","","Cake"
"","","","Emerald","","Suspicious Stew"
"","","","Emerald","","Suspicious Stew"
"","","","Emerald","","Suspicious Stew"
"","","","Emerald","","Suspicious Stew"
"","","","Emerald","","Suspicious Stew"
"","","","Emerald","","Suspicious Stew"
"","","","Melon Seeds","Emerald","Frost Melon Seeds"
"","","","Emerald","","Berry Cake"
"","","","Emerald","","Carrot Cake"
"","","","Emerald","","Chocolate Cake"
"","","5","","",""
"","","","Emerald","","Golden Carrot"
"","","","Emerald","","Glistering Melon Slice"
"","","","Emerald","","Pancake"
"minecraft:fisherman","fisherman","","","",""
"","","1","","",""
"","","","String","","Emerald"
"","","","Coal","","Emerald"
"","","","Emerald","Raw Cod","Cooked Cod"
"","","","Emerald","","Bucket of Cod"
"","","","Emerald","","Jellyfish Jelly"
"","","","Emerald","","Blue Jellyfish Jelly"
"","","2","","",""
"","","","Raw Cod","","Emerald"
"","","","Emerald","Raw Salmon","Cooked Salmon"
"","","","Emerald","","Campfire"
"","","","Emerald","","Jellyfish Net"
"","","","Ambergris","","Emerald"
"","","","Raw Perch","Emerald","Cooked Perch"
"","","3","","",""
"","","","Raw Salmon","","Emerald"
"","","","Emerald","","Fishing Rod"
"","","","Emerald","","Jellyfish"
"","","","Emerald","","Blue Jellyfish"
"","","","Emerald","","Coral Plant"
"","","","Emerald","","Tube Plant"
"","","","Raw Perch","","Emerald"
"","","","Raw Pike","Emerald","Cooked Pike"
"","","4","","",""
"","","","Tropical Fish","","Emerald"
"","","","Raw Pike","","Emerald"
"","","","Raw Lionfish","Emerald","Cooked Lionfish"
"","","5","","",""
"","","","Pufferfish","","Emerald"
"","","","Raw Lionfish","","Emerald"
"","","","Fish and Chips","","Emerald"
"minecraft:fletcher","fletcher","","","",""
"","","1","","",""
"","","","Stick","","Emerald"
"","","","Emerald","","Arrow"
"","","","Emerald","Gravel","Flint"
"","","2","","",""
"","","","Flint","","Emerald"
"","","","Emerald","","Bow"
"","","3","","",""
"","","","String","","Emerald"
"","","","Emerald","","Crossbow"
"","","4","","",""
"","","","Feather","","Emerald"
"","","","Emerald","","Bow"
"","","5","","",""
"","","","Tripwire Hook","","Emerald"
"","","","Emerald","","Crossbow"
"","","","Emerald","Arrow","Arrow of Slowness"
"minecraft:leatherworker","leatherworker","","","",""
"","","1","","",""
"","","","Leather","","Emerald"
"","","","Emerald","","Leather Pants"
"","","","Emerald","","Leather Tunic"
"","","2","","",""
"","","","Flint","","Emerald"
"","","","Emerald","","Leather Cap"
"","","","Emerald","","Leather Boots"
"","","","Emerald","","Bedroll"
"","","","Emerald","","White Bedroll"
"","","","Emerald","","Orange Bedroll"
"","","","Emerald","","Magenta Bedroll"
"","","","Emerald","","Light Blue Bedroll"
"","","","Emerald","","Yellow Bedroll"
"","","","Emerald","","Lime Bedroll"
"","","","Emerald","","Pink Bedroll"
"","","","Emerald","","Gray Bedroll"
"","","","Emerald","","Light Gray Bedroll"
"","","","Emerald","","Cyan Bedroll"
"","","","Emerald","","Purple Bedroll"
"","","","Emerald","","Blue Bedroll"
"","","","Emerald","","Brown Bedroll"
"","","","Emerald","","Green Bedroll"
"","","","Emerald","","Red Bedroll"
"","","","Emerald","","Black Bedroll"
"","","3","","",""
"","","","Rabbit Hide","","Emerald"
"","","","Emerald","","Leather Tunic"
"","","4","","",""
"","","","Scute","","Emerald"
"","","","Emerald","","Leather Horse Armor"
"","","5","","",""
"","","","Emerald","","Saddle"
"","","","Emerald","","Leather Cap"
"minecraft:librarian","librarian","","","",""
"","","1","","",""
"","","","Paper","","Emerald"
"","","","Emerald","Book","Enchanted Book"
"","","","Emerald","","Bookshelf"
"","","2","","",""
"","","","Book","","Emerald"
"","","","Emerald","Book","Enchanted Book"
"","","","Emerald","","Lantern"
"","","3","","",""
"","","","Ink Sac","","Emerald"
"","","","Emerald","Book","Enchanted Book"
"","","","Emerald","","Glass"
"","","4","","",""
"","","","Book and Quill","","Emerald"
"","","","Emerald","Book","Enchanted Book"
"","","","Emerald","","Clock"
"","","","Emerald","","Compass"
"","","5","","",""
"","","","Emerald","","Name Tag"
"","","","Book Cake","","Emerald"
"minecraft:mason","mason","","","",""
"","","1","","",""
"","","","Clay Ball","","Emerald"
"","","","Emerald","","Brick"
"","","2","","",""
"","","","Stone","","Emerald"
"","","","Emerald","","Chiseled Stone Bricks"
"","","3","","",""
"","","","Granite","","Emerald"
"","","","Andesite","","Emerald"
"","","","Diorite","","Emerald"
"","","","Emerald","","Polished Andesite"
"","","","Emerald","","Polished Diorite"
"","","","Emerald","","Polished Granite"
"","","","Emerald","","Polished Coralstone"
"","","","Emerald","","Coralstone"
"","","","Coralstone","","Emerald"
"","","4","","",""
"","","","Nether Quartz","","Emerald"
"","","","Emerald","","Orange Terracotta"
"","","","Emerald","","White Terracotta"
"","","","Emerald","","Blue Terracotta"
"","","","Emerald","","Light Blue Terracotta"
"","","","Emerald","","Gray Terracotta"
"","","","Emerald","","Light Gray Terracotta"
"","","","Emerald","","Black Terracotta"
"","","","Emerald","","Red Terracotta"
"","","","Emerald","","Pink Terracotta"
"","","","Emerald","","Magenta Terracotta"
"","","","Emerald","","Lime Terracotta"
"","","","Emerald","","Green Terracotta"
"","","","Emerald","","Cyan Terracotta"
"","","","Emerald","","Purple Terracotta"
"","","","Emerald","","Yellow Terracotta"
"","","","Emerald","","Brown Terracotta"
"","","","Emerald","","Orange Glazed Terracotta"
"","","","Emerald","","White Glazed Terracotta"
"","","","Emerald","","Blue Glazed Terracotta"
"","","","Emerald","","Light Blue Glazed Terracotta"
"","","","Emerald","","Gray Glazed Terracotta"
"","","","Emerald","","Light Gray Glazed Terracotta"
"","","","Emerald","","Black Glazed Terracotta"
"","","","Emerald","","Red Glazed Terracotta"
"","","","Emerald","","Pink Glazed Terracotta"
"","","","Emerald","","Magenta Glazed Terracotta"
"","","","Emerald","","Lime Glazed Terracotta"
"","","","Emerald","","Green Glazed Terracotta"
"","","","Emerald","","Cyan Glazed Terracotta"
"","","","Emerald","","Purple Glazed Terracotta"
"","","","Emerald","","Yellow Glazed Terracotta"
"","","","Emerald","","Brown Glazed Terracotta"
"","","","Coralstone","","Emerald"
"","","5","","",""
"","","","Emerald","","Quartz Pillar"
"","","","Emerald","","Block of Quartz"
"","","","Emerald","","Architect's Belt"
"","","","Emerald","","Tooth Tiles"
"","","","Emerald","","Tooth Bricks"
"minecraft:nitwit","nitwit","","","",""
"","","1","","",""
"","","2","","",""
"","","3","","",""
"","","4","","",""
"","","5","","",""
"minecraft:none","none","","","",""
"","","1","","",""
"","","2","","",""
"","","3","","",""
"","","4","","",""
"","","5","","",""
"minecraft:shepherd","shepherd","","","",""
"","","1","","",""
"","","","White Wool","","Emerald"
"","","","Brown Wool","","Emerald"
"","","","Black Wool","","Emerald"
"","","","Gray Wool","","Emerald"
"","","","Emerald","","Shears"
"","","2","","",""
"","","","White Dye","","Emerald"
"","","","Gray Dye","","Emerald"
"","","","Black Dye","","Emerald"
"","","","Light Blue Dye","","Emerald"
"","","","Lime Dye","","Emerald"
"","","","Emerald","","White Wool"
"","","","Emerald","","Orange Wool"
"","","","Emerald","","Magenta Wool"
"","","","Emerald","","Light Blue Wool"
"","","","Emerald","","Yellow Wool"
"","","","Emerald","","Lime Wool"
"","","","Emerald","","Pink Wool"
"","","","Emerald","","Gray Wool"
"","","","Emerald","","Light Gray Wool"
"","","","Emerald","","Cyan Wool"
"","","","Emerald","","Purple Wool"
"","","","Emerald","","Blue Wool"
"","","","Emerald","","Brown Wool"
"","","","Emerald","","Green Wool"
"","","","Emerald","","Red Wool"
"","","","Emerald","","Black Wool"
"","","","Emerald","","White Carpet"
"","","","Emerald","","Orange Carpet"
"","","","Emerald","","Magenta Carpet"
"","","","Emerald","","Light Blue Carpet"
"","","","Emerald","","Yellow Carpet"
"","","","Emerald","","Lime Carpet"
"","","","Emerald","","Pink Carpet"
"","","","Emerald","","Gray Carpet"
"","","","Emerald","","Light Gray Carpet"
"","","","Emerald","","Cyan Carpet"
"","","","Emerald","","Purple Carpet"
"","","","Emerald","","Blue Carpet"
"","","","Emerald","","Brown Carpet"
"","","","Emerald","","Green Carpet"
"","","","Emerald","","Red Carpet"
"","","","Emerald","","Black Carpet"
"","","3","","",""
"","","","Yellow Dye","","Emerald"
"","","","Light Gray Dye","","Emerald"
"","","","Orange Dye","","Emerald"
"","","","Red Dye","","Emerald"
"","","","Pink Dye","","Emerald"
"","","","Emerald","","White Bed"
"","","","Emerald","","Yellow Bed"
"","","","Emerald","","Red Bed"
"","","","Emerald","","Black Bed"
"","","","Emerald","","Blue Bed"
"","","","Emerald","","Brown Bed"
"","","","Emerald","","Cyan Bed"
"","","","Emerald","","Gray Bed"
"","","","Emerald","","Green Bed"
"","","","Emerald","","Light Blue Bed"
"","","","Emerald","","Light Gray Bed"
"","","","Emerald","","Lime Bed"
"","","","Emerald","","Magenta Bed"
"","","","Emerald","","Orange Bed"
"","","","Emerald","","Pink Bed"
"","","","Emerald","","Purple Bed"
"","","4","","",""
"","","","Brown Dye","","Emerald"
"","","","Purple Dye","","Emerald"
"","","","Blue Dye","","Emerald"
"","","","Green Dye","","Emerald"
"","","","Magenta Dye","","Emerald"
"","","","Cyan Dye","","Emerald"
"","","","Emerald","","White Banner"
"","","","Emerald","","Blue Banner"
"","","","Emerald","","Light Blue Banner"
"","","","Emerald","","Red Banner"
"","","","Emerald","","Pink Banner"
"","","","Emerald","","Green Banner"
"","","","Emerald","","Lime Banner"
"","","","Emerald","","Gray Banner"
"","","","Emerald","","Black Banner"
"","","","Emerald","","Purple Banner"
"","","","Emerald","","Magenta Banner"
"","","","Emerald","","Cyan Banner"
"","","","Emerald","","Brown Banner"
"","","","Emerald","","Yellow Banner"
"","","","Emerald","","Orange Banner"
"","","","Emerald","","Light Gray Banner"
"","","5","","",""
"","","","Emerald","","Painting"
"minecraft:toolsmith","toolsmith","","","",""
"","","1","","",""
"","","","Coal","","Emerald"
"","","","Emerald","","Stone Axe"
"","","","Emerald","","Stone Shovel"
"","","","Emerald","","Stone Pickaxe"
"","","","Emerald","","Stone Hoe"
"","","2","","",""
"","","","Iron Ingot","","Emerald"
"","","","Emerald","","Bell"
"","","","Emerald","","Jellyfish Net"
"","","3","","",""
"","","","Flint","","Emerald"
"","","","Emerald","","Iron Axe"
"","","","Emerald","","Iron Shovel"
"","","","Emerald","","Iron Pickaxe"
"","","","Emerald","","Diamond Hoe"
"","","4","","",""
"","","","Diamond","","Emerald"
"","","","Emerald","","Diamond Axe"
"","","","Emerald","","Diamond Shovel"
"","","5","","",""
"","","","Emerald","","Diamond Pickaxe"
"minecraft:weaponsmith","weaponsmith","","","",""
"","","1","","",""
"","","","Coal","","Emerald"
"","","","Emerald","","Iron Axe"
"","","","Emerald","","Iron Sword"
"","","2","","",""
"","","","Iron Ingot","","Emerald"
"","","","Emerald","","Bell"
"","","3","","",""
"","","","Flint","","Emerald"
"","","4","","",""
"","","","Diamond","","Emerald"
"","","","Emerald","","Diamond Axe"
"","","","Emerald","","Spatula"
"","","5","","",""
"","","","Emerald","","Diamond Sword"
"resourcefulbees:beekeeper","beekeeper","","","",""
"","","1","","",""
"","","","Emerald","","Beeswax Block"
"","","2","","",""
"","","","Emerald","","Honeycomb"
"","","3","","",""
"","","","Emerald","","Beeswax"
"","","4","","",""
"","","","Honey Bottle","","Emerald"
"","","5","","",""
"","","","Emerald","","Bee Smoker"
"","","","Emerald","","Queen Bee Banner"
"silentgear:gear_smith","silentgear:gear_smith","","","",""
"","","1","","",""
"","","","Flax Flowers","","Emerald"
"","","","Emerald","","Blueprint Paper"
"","","2","","",""
"","","","Emerald","","Excavator Blueprint"
"","","","Emerald","","Hammer Blueprint"
"","","","Emerald","","Paxel Blueprint"
"","","","Emerald","","Prospector Hammer Blueprint"
"","","","Emerald","","Saw Blueprint"
"","","","Emerald","","Tip Upgrade Blueprint"
"","","","Emerald","","Sturdy Repair Kit"
"","","","Crimson Iron Ingot","","Emerald"
"","","3","","",""
"","","4","","",""
"","","5","","",""
"vampirism:hunter_expert","hunter_expert","","","",""
"","","1","","",""
"","","","Vampire Soul","","Garlic"
"","","","Vampire Soul","","Chestplate of Swiftness"
"","","","Vampire Soul","","Leggings of Swiftness"
"","","","Vampire Soul","","Boots of Swiftness"
"","","","Vampire Soul","","Helmet of Swiftness"
"","","2","","",""
"","","","Vampire Soul","","Diamond"
"","","","Vampire Soul","","Quarrel"
"","","","Emerald","","Vampire Soul"
"","","","Vampire Soul","","Hunter Coat"
"","","","Vampire Soul","","Hunter Coat Leggings"
"","","","Vampire Soul","","Hunter Coat Boots"
"","","","Vampire Soul","","Hunter Coat Helmet"
"","","","Vampire Soul","","Chestplate of Swiftness"
"","","","Vampire Soul","","Leggings of Swiftness"
"","","","Vampire Soul","","Boots of Swiftness"
"","","","Vampire Soul","","Helmet of Swiftness"
"","","3","","",""
"","","","Vampire Soul","","Vampire Book"
"","","","Vampire Soul","","Holy Water"
"","","","Vampire Soul","","Obsidian Chestplate of Hell"
"","","","Vampire Soul","","Obsidian Leggings of Hell"
"","","","Vampire Soul","","Obsidian Boots of Hell"
"","","","Vampire Soul","","Obsidian Helmet of Hell"
"","","","Vampire Soul","","Hunter Coat"
"","","","Vampire Soul","","Hunter Coat Leggings"
"","","","Vampire Soul","","Hunter Coat Boots"
"","","","Vampire Soul","","Hunter Coat Helmet"
"","","","Vampire Soul","","Chestplate of Swiftness"
"","","","Vampire Soul","","Leggings of Swiftness"
"","","","Vampire Soul","","Boots of Swiftness"
"","","","Vampire Soul","","Helmet of Swiftness"
"","","4","","",""
"","","","Vampire Soul","","Diamond"
"","","","Vampire Soul","","Holy Water"
"","","","Vampire Soul","","Obsidian Chestplate of Hell"
"","","","Vampire Soul","","Obsidian Leggings of Hell"
"","","","Vampire Soul","","Obsidian Boots of Hell"
"","","","Vampire Soul","","Obsidian Helmet of Hell"
"","","","Vampire Soul","","Hunter Coat"
"","","","Vampire Soul","","Hunter Coat Leggings"
"","","","Vampire Soul","","Hunter Coat Boots"
"","","","Vampire Soul","","Hunter Coat Helmet"
"","","5","","",""
"","","","Vampire Soul","","Obsidian Chestplate of Hell"
"","","","Vampire Soul","","Obsidian Leggings of Hell"
"","","","Vampire Soul","","Obsidian Boots of Hell"
"","","","Vampire Soul","","Obsidian Helmet of Hell"
"vampirism:vampire_expert","vampire_expert","","","",""
"","","1","","",""
"","","","Human Heart","","Pure Blood"
"","","","Human Heart","","Blood Bottle"
"","","","Vampire Orchid","","Emerald"
"","","2","","",""
"","","","Human Heart","","Pure Blood"
"","","","Human Heart","","Coffin"
"","","","Human Heart","","Blood-Infused Iron Ingot"
"","","3","","",""
"","","","Human Heart","","Pure Blood"
"","","","Human Heart","","Enhanced Blood-Infused Iron Ingot"
"","","4","","",""
"","","","Human Heart","","Pure Blood"
"","","","Human Heart","","Vampire Cloak"
"","","5","","",""
"","","","Human Heart","","Pure Blood"
"","","","Human Heart","","Vampire Cloak"
"","","","Emerald","","Heartseeker"
"","","","Emerald","","Heartstriker"
